Year,State,All staff,Teachers,Teachers as a %
2002,United States,5904195,2999528,50.80333559
2002,Alabama,88160,46785,53.06828494
2002,Alaska,16688,8026,48.09443912
2002,Arizona,93976,46015,48.96462927
2002,Arkansas,66578,33079,49.68458049
2002,California,574466,304203,52.95404776
2002,Colorado,87582,44182,50.44643877
2002,Connecticut,84884,41773,49.2118656
2002,Delaware,14171,7571,53.42601087
2002,District of Columbia,11391,4951,43.46413835
2002,Florida,282696,134684,47.64269746
2002,Georgia,190053,92731,48.79217902
2002,Hawaii,19464,11007,56.55055487
2002,Idaho,24773,13854,55.92378799
2002,Illinois,255529,129600,50.71831377
2002,Indiana,128939,59659,46.26916604
2002,Iowa,69504,34906,50.22156998
2002,Kansas,65155,33084,50.77737702
2002,Kentucky,94827,40376,42.57859049
2002,Louisiana,101552,49980,49.21616512
2002,Maine,34072,16741,49.13418643
2002,Maryland,99282,53774,54.16288955
2002,Massachusetts,125629,68942,54.87745664
2002,Michigan,214894,98849,45.99895763
2002,Minnesota,104741,53081,50.67833991
2002,Mississippi,65155,31214,47.90729798
2002,Missouri,124755,65240,52.29449721
2002,Montana,19488,10408,53.40722496
2002,Nebraska,40541,21083,52.00414395
2002,Nevada,33967,19276,56.74919775
2002,New Hampshire,29141,14677,50.36546447
2002,New Jersey,193337,103611,53.59088017
2002,New Mexico,44941,21823,48.55922209
2002,New York,423199,209128,49.41599578
2002,North Carolina,166164,85684,51.56592282
2002,North Dakota,14895,8035,53.9442766
2002,Ohio,230007,122115,53.09186242
2002,Oklahoma,76405,41632,54.48858059
2002,Oregon,57333,28262,49.29447264
2002,Pennsylvania,229238,118470,51.67991345
2002,Rhode Island,18584,11104,59.75032286
2002,South Carolina,71338,46616,65.34525779
2002,South Dakota,18512,9370,50.61581677
2002,Tennessee,111927,58358,52.13934082
2002,Texas,582556,282847,48.55275716
2002,Utah,41111,22211,54.02690278
2002,Vermont,18050,8554,47.39058172
2002,Virginia,165249,89314,54.04813342
2002,Washington,112020,52533,46.89608998
2002,West Virginia,37675,20138,53.45189117
2002,Wisconsin,115917,63310,54.61666537
2002,Wyoming,13684,6662,48.68459515
2003,United States,5954661,3034123,50.95374867
2003,Alabama,88893,47115,53.00192366
2003,Alaska,17101,8080,47.24869891
2003,Arizona,96639,47101,48.73912189
2003,Arkansas,63815,30330,47.52801066
2003,California,581756,307764,52.90259146
2003,Colorado,90397,45401,50.22401186
2003,Connecticut,86361,42296,48.97581084
2003,Delaware,14449,7698,53.27704339
2003,District of Columbia,11548,5005,43.34083824
2003,Florida,287091,138226,48.14710318
2003,Georgia,197944,96044,48.52079376
2003,Hawaii,20703,10973,53.00198039
2003,Idaho,24897,13896,55.81395349
2003,Illinois,257352,131046,50.92091765
2003,Indiana,126998,59968,47.21964125
2003,Iowa,67426,34573,51.27547237
2003,Kansas,63911,32643,51.07571467
2003,Kentucky,95839,40662,42.42740429
2003,Louisiana,102333,50062,48.92068052
2003,Maine,34586,16837,48.68154745
2003,Maryland,102642,55382,53.95647006
2003,Massachusetts,143922,74214,51.56543128
2003,Michigan,187093,89595,47.88794877
2003,Minnesota,105311,52808,50.14480918
2003,Mississippi,66133,31598,47.77947469
2003,Missouri,128124,66717,52.0722113
2003,Montana,18693,10362,55.43251485
2003,Nebraska,40743,21043,51.64813588
2003,Nevada,33443,20038,59.91687349
2003,New Hampshire,30087,14977,49.77897431
2003,New Jersey,199381,107004,53.66810278
2003,New Mexico,43826,21172,48.30922284
2003,New York,428045,210926,49.27659475
2003,North Carolina,169328,87677,51.77938675
2003,North Dakota,15090,8078,53.53214049
2003,Ohio,242372,125372,51.72709719
2003,Oklahoma,74422,40638,54.60482116
2003,Oregon,55042,27126,49.28236619
2003,Pennsylvania,231251,118256,51.13750859
2003,Rhode Island,18303,11196,61.17029995
2003,South Carolina,63039,46528,73.80827742
2003,South Dakota,19031,9257,48.64168987
2003,Tennessee,114358,58652,51.2880603
2003,Texas,594002,288655,48.59495423
2003,Utah,41588,22415,53.89775897
2003,Vermont,18384,8542,46.4643168
2003,Virginia,162994,99919,61.30225652
2003,Washington,112740,52953,46.96913252
2003,West Virginia,38132,20119,52.76146019
2003,Wisconsin,113262,60385,53.31443909
2003,Wyoming,13841,6799,49.12217325
2004,United States,5953667,3048652,51.20629017
2004,Alabama,100592,58070,57.72824877
2004,Alaska,16550,7808,47.17824773
2004,Arizona,96341,47507,49.31130048
2004,Arkansas,64693,30876,47.72695655
2004,California,572835,304311,53.12367436
2004,Colorado,89530,44904,50.15525522
2004,Connecticut,85367,42370,49.63276207
2004,Delaware,14587,7749,53.12264345
2004,District of Columbia,10608,5676,53.50678733
2004,Florida,295775,144955,49.00853689
2004,Georgia,200512,97150,48.45096553
2004,Hawaii,21113,11129,52.71159949
2004,Idaho,25133,14049,55.89861935
2004,Illinois,254119,127669,50.23984826
2004,Indiana,130532,59924,45.90751693
2004,Iowa,68137,34791,51.06036368
2004,Kansas,63778,32589,51.09755715
2004,Kentucky,95926,41246,42.99772741
2004,Louisiana,102990,50495,49.02903194
2004,Maine,35866,17621,49.13009535
2004,Maryland,107529,55198,51.33312874
2004,Massachusetts,134414,72062,53.61197494
2004,Michigan,206034,97014,47.08640322
2004,Minnesota,103744,51611,49.74841919
2004,Mississippi,68377,32591,47.66368808
2004,Missouri,125783,65169,51.81065804
2004,Montana,18656,10301,55.21548027
2004,Nebraska,40573,20921,51.56384788
2004,Nevada,34059,20234,59.40867318
2004,New Hampshire,30830,15112,49.01719105
2004,New Jersey,204038,109077,53.45915957
2004,New Mexico,44841,21569,48.10106822
2004,New York,394178,216116,54.82700709
2004,North Carolina,172193,89988,52.25996411
2004,North Dakota,15066,8037,53.34528076
2004,Ohio,242520,121735,50.19586014
2004,Oklahoma,71313,39253,55.04325999
2004,Oregon,54272,26732,49.25560142
2004,Pennsylvania,233269,119889,51.39517038
2004,Rhode Island,19890,11918,59.91955757
2004,South Carolina,62888,45830,72.87558835
2004,South Dakota,19039,9245,48.5582226
2004,Tennessee,116120,59584,51.31243541
2004,Texas,596330,289481,48.54375933
2004,Utah,41545,22147,53.30846071
2004,Vermont,18701,8749,46.78359446
2004,Virginia,166578,90573,54.37272629
2004,Washington,109294,52824,48.33202189
2004,West Virginia,37957,20020,52.74389441
2004,Wisconsin,104531,58216,55.69256967
2004,Wyoming,14121,6567,46.50520501
2005,United States,6058174,3090925,51.02073661
2005,Alabama,92795,51594,55.59997845
2005,Alaska,17632,7756,43.98820327
2005,Arizona,97953,48935,49.95763274
2005,Arkansas,66127,31234,47.233354
2005,California,574614,305969,53.24774544
2005,Colorado,91337,45165,49.44874476
2005,Connecticut,83879,38808,46.266646
2005,Delaware,14966,7856,52.49231592
2005,District of Columbia,12162,5387,44.29370169
2005,Florida,311853,154864,49.6592946
2005,Georgia,209746,104987,50.05435145
2005,Hawaii,20531,11146,54.2886367
2005,Idaho,25533,14269,55.88454157
2005,Illinois,261194,131047,50.17228573
2005,Indiana,133375,60563,45.40805998
2005,Iowa,68450,34697,50.68955442
2005,Kansas,64114,32932,51.36475653
2005,Kentucky,95920,41463,43.22664721
2005,Louisiana,101381,49192,48.52191239
2005,Maine,34899,16656,47.72629588
2005,Maryland,108296,55101,50.87999557
2005,Massachusetts,137613,73399,53.33725738
2005,Michigan,209835,100638,47.96054042
2005,Minnesota,104367,52152,49.96981805
2005,Mississippi,67249,31321,46.57467026
2005,Missouri,126792,65847,51.93308726
2005,Montana,18759,10224,54.50183912
2005,Nebraska,41157,21236,51.59754112
2005,Nevada,31260,20950,67.01855406
2005,New Hampshire,31408,15298,48.70733571
2005,New Jersey,213418,114875,53.82629394
2005,New Mexico,46531,21730,46.70004943
2005,New York,399089,218612,54.77775634
2005,North Carolina,177308,92550,52.19730638
2005,North Dakota,15157,8070,53.24272613
2005,Ohio,239988,118060,49.19412637
2005,Oklahoma,77466,40416,52.17256603
2005,Oregon,56637,27431,48.43300316
2005,Pennsylvania,237122,121167,51.09901232
2005,Rhode Island,22838,11781,51.5850775
2005,South Carolina,64999,46914,72.17649502
2005,South Dakota,18106,9064,50.06075334
2005,Tennessee,115767,60022,51.8472449
2005,Texas,607364,294547,48.49595959
2005,Utah,44499,22287,50.08427156
2005,Vermont,18899,8720,46.14000741
2005,Virginia,179688,93732,52.1637505
2005,Washington,111848,53125,47.4974966
2005,West Virginia,37979,19958,52.55009347
2005,Wisconsin,104018,60521,58.18319906
2005,Wyoming,14256,6657,46.69612795
2006,United States,6130686,3143003,51.26674242
2006,Alabama,103775,57757,55.65598651
2006,Alaska,17954,7912,44.06817422
2006,Arizona,100162,51376,51.29290549
2006,Arkansas,70673,32997,46.68968347
2006,California,579118,309222,53.39533567
2006,Colorado,93148,45841,49.21308026
2006,Connecticut,84669,39687,46.87311767
2006,Delaware,15473,7998,51.69004072
2006,District of Columbia,12372,5481,44.30164888
2006,Florida,314219,158962,50.58955697
2006,Georgia,218965,108535,49.56728244
2006,Hawaii,21059,11226,53.30737452
2006,Idaho,26018,14521,55.81136137
2006,Illinois,251769,133857,53.16659319
2006,Indiana,133096,60592,45.52503456
2006,Iowa,69080,35181,50.92790967
2006,Kansas,65537,33608,51.2809558
2006,Kentucky,97937,42413,43.30641126
2006,Louisiana,92612,44660,48.22269252
2006,Maine,35249,16684,47.3318392
2006,Maryland,111215,56685,50.96884413
2006,Massachusetts,138781,73596,53.03031395
2006,Michigan,204764,98069,47.89367272
2006,Minnesota,104489,51107,48.91136866
2006,Mississippi,67659,31433,46.45797307
2006,Missouri,128794,67076,52.08006584
2006,Montana,19611,10369,52.87338738
2006,Nebraska,41166,21359,51.88505077
2006,Nevada,32345,21744,67.22522801
2006,New Hampshire,32022,15536,48.51664481
2006,New Jersey,211893,112673,53.17447957
2006,New Mexico,47940,22021,45.93450146
2006,New York,373504,218989,58.63096513
2006,North Carolina,182107,95664,52.53175331
2006,North Dakota,15128,8003,52.90190375
2006,Ohio,238977,117982,49.36960461
2006,Oklahoma,81857,41833,51.10497575
2006,Oregon,60349,28346,46.97012378
2006,Pennsylvania,240409,122397,50.91198749
2006,Rhode Island,24267,14180,58.43326328
2006,South Carolina,67992,48212,70.90834216
2006,South Dakota,19018,9129,48.00189294
2006,Tennessee,114171,59596,52.19889464
2006,Texas,598513,302425,50.52939535
2006,Utah,45821,22993,50.18004845
2006,Vermont,19024,8851,46.52544155
2006,Virginia,233898,103944,44.43988405
2006,Washington,113845,53508,47.00074663
2006,West Virginia,38152,19940,52.26462571
2006,Wisconsin,105564,60127,56.95786442
2006,Wyoming,14526,6706,46.16549635
2007,United States,6153735,3166391,51.45478315
2007,Alabama,109839,56134,51.10570927
2007,Alaska,16854,7903,46.89094577
2007,Arizona,102390,52625,51.39662076
2007,Arkansas,71616,35089,48.99603441
2007,California,580141,307366,52.981258
2007,Colorado,97364,46973,48.24473111
2007,Connecticut,86709,39115,45.11065749
2007,Delaware,15403,8038,52.18463936
2007,District of Columbia,12177,5383,44.20629055
2007,Florida,321600,162851,50.63774876
2007,Georgia,227616,113597,49.90730001
2007,Hawaii,21061,11271,53.5159774
2007,Idaho,26312,14770,56.13408331
2007,Illinois,221661,140988,63.60523502
2007,Indiana,134678,61346,45.55012697
2007,Iowa,69690,35653,51.15942029
2007,Kansas,53762,35297,65.65417953
2007,Kentucky,98812,43371,43.89244221
2007,Louisiana,95226,45951,48.25467834
2007,Maine,36785,16826,45.74147071
2007,Maryland,113474,58443,51.5034281
2007,Massachusetts,136563,73157,53.57014711
2007,Michigan,212320,98037,46.17417106
2007,Minnesota,106701,51880,48.62184984
2007,Mississippi,68815,32351,47.01155271
2007,Missouri,131633,67521,51.29488806
2007,Montana,19005,10398,54.71191792
2007,Nebraska,42938,21459,49.97671061
2007,Nevada,33951,22908,67.47371211
2007,New Hampshire,32174,15515,48.22216697
2007,New Jersey,205319,112301,54.69586351
2007,New Mexico,46551,22016,47.29436532
2007,New York,373360,218879,58.62411613
2007,North Carolina,204549,112304,54.90322612
2007,North Dakota,15157,8007,52.8270766
2007,Ohio,242643,110459,45.52325845
2007,Oklahoma,81831,42206,51.57703071
2007,Oregon,62205,29940,48.13117917
2007,Pennsylvania,240558,123114,51.17850996
2007,Rhode Island,17912,11381,63.53841
2007,South Carolina,68833,49284,71.59937821
2007,South Dakota,17294,9070,52.44593501
2007,Tennessee,123218,62176,50.46016004
2007,Texas,616155,311649,50.57964311
2007,Utah,47365,23640,49.9102713
2007,Vermont,19232,8859,46.06385191
2007,Virginia,214464,79688,37.15681886
2007,Washington,102948,53743,52.20402533
2007,West Virginia,36717,19633,53.47114416
2007,Wisconsin,105033,59089,56.25755715
2007,Wyoming,15121,6737,44.55393162
2008,United States,6215635,3178142,51.13141296
2008,Alabama,111656,50420,45.15655227
2008,Alaska,16593,7613,45.88079311
2008,Arizona,104670,54032,51.62128595
2008,Arkansas,70331,33882,48.17505794
2008,California,583625,305230,52.29899336
2008,Colorado,99326,47761,48.08509353
2008,Connecticut,86762,39304,45.3009382
2008,Delaware,15524,8198,52.8085545
2008,District of Columbia,12532,6347,50.64634536
2008,Florida,329726,168737,51.17491493
2008,Georgia,235083,116857,49.70882624
2008,Hawaii,21657,11397,52.62501732
2008,Idaho,27149,15013,55.2985377
2008,Illinois,214459,136571,63.68163612
2008,Indiana,139460,62334,44.69668722
2008,Iowa,71794,36089,50.26743182
2008,Kansas,54232,35359,65.1995132
2008,Kentucky,100362,43536,43.37896814
2008,Louisiana,99625,48610,48.79297365
2008,Maine,39918,16558,41.48003407
2008,Maryland,116857,59320,50.76289824
2008,Massachusetts,123114,70719,57.44188313
2008,Michigan,208987,96204,46.03348534
2008,Minnesota,108432,52975,48.85550391
2008,Mississippi,71144,33560,47.17193298
2008,Missouri,133607,68430,51.21737634
2008,Montana,19179,10519,54.84644663
2008,Nebraska,43672,21930,50.21524089
2008,Nevada,35574,23423,65.84303143
2008,New Hampshire,32573,15484,47.53630307
2008,New Jersey,201552,111500,55.32071128
2008,New Mexico,46699,22300,47.75262854
2008,New York,374080,211854,56.63334046
2008,North Carolina,203287,106562,52.41948575
2008,North Dakota,15385,8068,52.44068898
2008,Ohio,243579,109766,45.06381913
2008,Oklahoma,86758,46735,53.86823117
2008,Oregon,64619,30013,46.44609171
2008,Pennsylvania,254476,135234,53.14214307
2008,Rhode Island,17559,11271,64.18930463
2008,South Carolina,66087,47382,71.6964002
2008,South Dakota,17019,9416,55.32639991
2008,Tennessee,126646,64659,51.05490896
2008,Texas,635715,321929,50.64045995
2008,Utah,48515,24336,50.16180563
2008,Vermont,19184,8749,45.60571309
2008,Virginia,204384,71861,35.15979724
2008,Washington,103714,53960,52.02769154
2008,West Virginia,38309,20306,53.00582109
2008,Wisconsin,104981,58914,56.11872625
2008,Wyoming,15464,6915,44.71676151
2009,United States,6326702,3222154,50.9294416
2009,Alabama,95368,47818,50.14050835
2009,Alaska,17160,7927,46.19463869
2009,Arizona,105548,54696,51.82097245
2009,Arkansas,71270,37162,52.14255648
2009,California,590016,303647,51.46419758
2009,Colorado,102566,48692,47.47382173
2009,Connecticut,92467,48463,52.41113046
2009,Delaware,14821,8322,56.15005735
2009,District of Columbia,12131,5321,43.86283076
2009,Florida,340713,186361,54.69735525
2009,Georgia,239139,118839,49.69452912
2009,Hawaii,21610,11295,52.26746876
2009,Idaho,27261,15148,55.56656029
2009,Illinois,221005,135704,61.40313568
2009,Indiana,141979,62668,44.13892195
2009,Iowa,72350,35961,49.70421562
2009,Kansas,55355,35883,64.82341252
2009,Kentucky,100217,43451,43.35691549
2009,Louisiana,100873,49377,48.94966939
2009,Maine,36459,15912,43.6435448
2009,Maryland,116856,58940,50.43814609
2009,Massachusetts,123636,70398,56.93972629
2009,Michigan,208058,94754,45.54210845
2009,Minnesota,109222,53083,48.60101445
2009,Mississippi,72050,33358,46.29840389
2009,Missouri,132676,68015,51.26398143
2009,Montana,19212,10467,54.48157402
2009,Nebraska,45243,22057,48.75229317
2009,Nevada,33548,21993,65.55681412
2009,New Hampshire,32849,15661,47.67572833
2009,New Jersey,205672,114713,55.77472869
2009,New Mexico,47850,22825,47.70114943
2009,New York,428139,217944,50.90496311
2009,North Carolina,207859,109634,52.74440847
2009,North Dakota,15636,8181,52.32156562
2009,Ohio,244730,112845,46.10999877
2009,Oklahoma,87478,46571,53.2373854
2009,Oregon,65106,30152,46.31216785
2009,Pennsylvania,251928,129708,51.4861389
2009,Rhode Island,18598,11316,60.84525218
2009,South Carolina,69790,49941,71.5589626
2009,South Dakota,18391,9244,50.26371595
2009,Tennessee,126841,64926,51.18691906
2009,Texas,649381,327905,50.49500986
2009,Utah,49057,23657,48.22349512
2009,Vermont,19370,8766,45.25554982
2009,Virginia,203567,71415,35.08181581
2009,Washington,104617,54428,52.02596136
2009,West Virginia,38596,20209,52.36034822
2009,Wisconsin,106597,59401,55.72483278
2009,Wyoming,15841,7000,44.18912947
2010,United States,6351156.89,3209671.68,50.53680354
2010,Alabama,94058.04,47492,50.49222799
2010,Alaska,17742.6,8083.1,45.55758457
2010,Arizona,100320.1,51947.23,51.78147749
2010,Arkansas,74311,37240,50.11371129
2010,California,609654.8,316298.58,51.8815861
2010,Colorado,103354.02,49060.32,47.4682262
2010,Connecticut,92877.21,43592.83,46.93598139
2010,Delaware,16976.55,8639.58,50.89125882
2010,District of Columbia,11682,5854,50.11128231
2010,Florida,335446,183827,54.8007727
2010,Georgia,234694.3,115917.9,49.39101631
2010,Hawaii,21676.95,11471.65,52.92095982
2010,Idaho,27700.63,15200.87,54.87553893
2010,Illinois,221823.44,138482.93,62.42934922
2010,Indiana,142724,62258,43.62125501
2010,Iowa,72546.45,35842.15,49.40579449
2010,Kansas,67531.2,34700.1,51.38380482
2010,Kentucky,99161.95,41980.96,42.33575479
2010,Louisiana,102873.59,49646.1,48.25932487
2010,Maine,37317.1,16331.4,43.76385089
2010,Maryland,115285.98,58462.9,50.71119663
2010,Massachusetts,123166.78,69909.18,56.75976915
2010,Michigan,204624.77,92691.22,45.29814255
2010,Minnesota,109065.99,52839.12,48.44692649
2010,Mississippi,70781.99,33103.49,46.76823864
2010,Missouri,132046.92,67795.77,51.34218201
2010,Montana,19434.25,10521.25,54.13766932
2010,Nebraska,45835.08,22256.24,48.55721862
2010,Nevada,33748.77,22103.52,65.49429801
2010,New Hampshire,32910.7,15490.6,47.06858256
2010,New Jersey,213783,115248,53.90887021
2010,New Mexico,47564.83,22723.73,47.7742273
2010,New York,421929.41,214803.59,50.90984058
2010,North Carolina,200446.57,105036.39,52.401191
2010,North Dakota,15982.64,8365.6,52.34179084
2010,Ohio,244231.62,111377.53,45.60323925
2010,Oklahoma,84739.9,42614.6,50.28870697
2010,Oregon,62993.79,28768.01,45.6680095
2010,Pennsylvania,253865.91,130983.79,51.5956593
2010,Rhode Island,18824.61,11366.23,60.37963071
2010,South Carolina,67354.8,46979.5,69.74929775
2010,South Dakota,18631.23,9325.99,50.05568607
2010,Tennessee,127743.36,65360.69,51.16562614
2010,Texas,662369.36,333163.82,50.29879703
2010,Utah,51843.95,25615.06,49.40800228
2010,Vermont,19337.19,8733.88,45.16623149
2010,Virginia,203300.61,70827.39,34.83874938
2010,Washington,103938.09,53447.82,51.42274598
2010,West Virginia,39205.23,20298.84,51.77584725
2010,Wisconsin,105229.25,58425.7,55.52230012
2010,Wyoming,16468.38,7165.53,43.51083713
2011,United States,6195207.22,3099094.71,50.02406861
2011,Alabama,95144.48,49363.24,51.88240032
2011,Alaska,18102.1,8170.64,45.13642064
2011,Arizona,96622.35,50030.62,51.77955204
2011,Arkansas,72184.8,34272.8,47.47924771
2011,California,530337.1,260806.3,49.17745713
2011,Colorado,101426.27,48542.99,47.86037187
2011,Connecticut,93087.95,42951.39,46.14065515
2011,Delaware,16477.97,8933,54.21177487
2011,District of Columbia,11381.12,5925.33,52.06280225
2011,Florida,333183.15,175609.29,52.70653393
2011,Georgia,227187.5,112459.6,49.5007868
2011,Hawaii,21703.58,11395.95,52.50723613
2011,Idaho,27783.43,15672.54,56.40966576
2011,Illinois,215764.43,132982.73,61.63329609
2011,Indiana,138802,58121,41.87331595
2011,Iowa,69614.93,34642.08,49.76242884
2011,Kansas,67750.8,34643.8,51.13415635
2011,Kentucky,99225.24,42041.84,42.37010664
2011,Louisiana,100880.51,48655.03,48.23035688
2011,Maine,32548.8,15384.3,47.26533697
2011,Maryland,115367.37,58428.47,50.64557682
2011,Massachusetts,122057.07,68754.39,56.32970708
2011,Michigan,193486.62,88614.71,45.79888263
2011,Minnesota,108993.31,52671.71,48.32563577
2011,Mississippi,67866.31,32254.83,47.52701303
2011,Missouri,128289.14,66734.84,52.01908751
2011,Montana,19249.08,10360.99,53.82589713
2011,Nebraska,45509.07,22345.16,49.10045404
2011,Nevada,33400.11,21839.48,65.38744932
2011,New Hampshire,32955.1,15365.2,46.6246499
2011,New Jersey,202633.6,110202.4,54.38505756
2011,New Mexico,46519.33,22437.43,48.23248744
2011,New York,413971.15,211605.54,51.11601135
2011,North Carolina,193038.9,98357.47,50.95215006
2011,North Dakota,16239.18,8416.95,51.83112694
2011,Ohio,241211.64,109281.94,45.30541727
2011,Oklahoma,82261.7,41277.8,50.1786372
2011,Oregon,63602.73,28109.27,44.19506836
2011,Pennsylvania,266795.76,129911.39,48.69319887
2011,Rhode Island,18631.74,11211.8,60.17580752
2011,South Carolina,65508.4,45210.4,69.01466072
2011,South Dakota,19545.06,9511.67,48.6653405
2011,Tennessee,128196.6,66558.1,51.91877164
2011,Texas,665418.5,334996.94,50.34379717
2011,Utah,52340.96,25676.71,49.05662793
2011,Vermont,18485.22,8382.08,45.34476733
2011,Virginia,201047.18,70947.13,35.28879639
2011,Washington,103782.87,53934.11,51.9682198
2011,West Virginia,39270.21,20338.46,51.79106503
2011,Wisconsin,103900.92,57625.42,55.46189581
2011,Wyoming,16423.88,7127.45,43.3968709
2012,United States,6138889.51,3103262.56,50.55087822
2012,Alabama,92289.39,47722.67,51.70981193
2012,Alaska,17746.58,8087.87,45.57424585
2012,Arizona,98711.96,50800.15,51.46301421
2012,Arkansas,72649.96,33982.96,46.77629554
2012,California,547187.8,268688.93,49.10360392
2012,Colorado,100348.54,48077.76,47.9107718
2012,Connecticut,92954.72,43804.81,47.12489048
2012,Delaware,15448.52,8587.21,55.58597199
2012,District of Columbia,11540.81,6278.06,54.39878137
2012,Florida,328709.16,175006.3,53.24046948
2012,Georgia,224207.2,111133.3,49.56723067
2012,Hawaii,22064.99,11458.37,51.93009378
2012,Idaho,28064.92,15990.44,56.97660995
2012,Illinois,213578.13,131777.31,61.69981449
2012,Indiana,150190.58,62338.58,41.50631817
2012,Iowa,69901.21,34658.15,49.58161668
2012,Kansas,70631.4,37407.3,52.96128917
2012,Kentucky,92286.55,41859.68,45.35837562
2012,Louisiana,100880.04,48657.02,48.23255423
2012,Maine,39945.84,14888.04,37.27056434
2012,Maryland,113351.25,57589.05,50.80583584
2012,Massachusetts,122880.1,69342.38,56.43092738
2012,Michigan,188428.28,86997.36,46.17001227
2012,Minnesota,109118.98,52832.26,48.41711314
2012,Mississippi,67850.43,32006.66,47.17237606
2012,Missouri,132167.42,66251.53,50.12697532
2012,Montana,18790.3,10152.67,54.03144175
2012,Nebraska,45290.17,22181.96,48.97742711
2012,Nevada,32533.15,21131.5,64.95374718
2012,New Hampshire,31971.3,15049.2,47.07096677
2012,New Jersey,202927.6,109719.1,54.06810114
2012,New Mexico,45906.88,21956.68,47.82873504
2012,New York,406624.82,209526.78,51.52828103
2012,North Carolina,188552.55,97308.09,51.60794166
2012,North Dakota,16400.51,8525.02,51.98021281
2012,Ohio,243585.72,107971.68,44.32594817
2012,Oklahoma,82719.3,41349.4,49.9876087
2012,Oregon,60714.92,26790.98,44.12585901
2012,Pennsylvania,254297.36,124645.61,49.01569171
2012,Rhode Island,18743,11414,60.8974017
2012,South Carolina,69271.9,46782.2,67.53416609
2012,South Dakota,19058.98,9246.78,48.51665724
2012,Tennessee,127781.3,66381.7,51.94946365
2012,Texas,640165.84,324281.97,50.65593159
2012,Utah,51994.47,25969.65,49.94694628
2012,Vermont,18384.5,8363.69,45.49316
2012,Virginia,180085.88,90831.79,50.43804101
2012,Washington,101913.95,53118.65,52.12107862
2012,West Virginia,39379.61,20247.47,51.41612626
2012,Wisconsin,101532.7,56244.93,55.39587739
2012,Wyoming,17128.04,7846.91,45.81323958
2013,United States,6181238.48,3109101.08,50.29899898
2013,Alabama,96485.43,51877.22,53.76689517
2013,Alaska,17116.43,7682.18,44.88190586
2013,Arizona,103227.64,48866.42,47.33850352
2013,Arkansas,71278.91,34131.42,47.8843181
2013,California,544875.48,266254.85,48.86526551
2013,Colorado,102479.85,48921.79,47.73796019
2013,Connecticut,91263.95,43931.33,48.13656433
2013,Delaware,17554.23,9257,52.73372857
2013,District of Columbia,12480.48,5925.1,47.47493686
2013,Florida,335099.94,176537.21,52.6819581
2013,Georgia,220603,109364.9,49.57543642
2013,Hawaii,22238.48,11608.2,52.19871142
2013,Idaho,26319.16,14563.19,55.33303494
2013,Illinois,263564.54,135700.7,51.48670606
2013,Indiana,147936.37,59863.28,40.46555962
2013,Iowa,71089.09,35080.24,49.34686884
2013,Kansas,73020.2,41243.2,56.48190501
2013,Kentucky,99175.88,42769.46,43.1248606
2013,Louisiana,95584.91,46493.41,48.6409518
2013,Maine,32858.96,15222.08,46.32550756
2013,Maryland,113092.53,57718.49,51.0365185
2013,Massachusetts,125346.89,70636.26,56.35262271
2013,Michigan,186064.65,86153.59,46.30304037
2013,Minnesota,111069.08,53584.59,48.24438088
2013,Mississippi,68214.91,32613.46,47.80987031
2013,Missouri,126937.19,66248.19,52.18974045
2013,Montana,18895.99,10199.89,53.97912467
2013,Nebraska,45425.63,22102.87,48.65726683
2013,Nevada,32701.75,20694.95,63.28392211
2013,New Hampshire,31733.7,14924.7,47.03107422
2013,New Jersey,223278.93,110928.64,49.6816426
2013,New Mexico,46222.01,22200.73,48.03064601
2013,New York,370214.05,207060.33,55.92989515
2013,North Carolina,191731.63,98590.41,51.42104618
2013,North Dakota,16712.72,8677.44,51.92117142
2013,Ohio,242805.94,105999.8,43.65618073
2013,Oklahoma,84379.7,41774.7,49.50799778
2013,Oregon,59771.08,26410.15,44.18549907
2013,Pennsylvania,252179.06,123146.79,48.8330752
2013,Rhode Island,16933.81,9871.31,58.29349686
2013,South Carolina,72510.7,48072.1,66.29656037
2013,South Dakota,19146.4,9333.89,48.75010446
2013,Tennessee,127642.73,66406.23,52.02507812
2013,Texas,644441.62,327356.92,50.79698608
2013,Utah,53730.19,26609.86,49.52496911
2013,Vermont,18421.87,8402.74,45.61285038
2013,Virginia,177356.82,89388.63,50.40044696
2013,Washington,102539.99,53698.77,52.36861248
2013,West Virginia,39267.42,20101.15,51.19040161
2013,Wisconsin,101643.71,57550.78,56.6201096
2013,Wyoming,16572.85,7349.54,44.34686852
2014,United States,6187901.08,3113764.2,50.32020001
2014,Alabama,91753.11,47161.77,51.40073181
2014,Alaska,17127.03,7898.26,46.11575971
2014,Arizona,103342.62,48358.73,46.79456549
2014,Arkansas,70386.97,34933.04,49.62998123
2014,California,541761.62,259505.79,47.90036437
2014,Colorado,104024.81,50157.36,48.2167283
2014,Connecticut,94208.41,43443.09,46.11381298
2014,Delaware,18252.75,9388.06,51.43367438
2014,District of Columbia,11402.51,5991.43,52.54483443
2014,Florida,335081.17,177853.2,53.07764683
2014,Georgia,218097.4,109441,50.17987376
2014,Hawaii,22437.84,11780.65,52.5034941
2014,Idaho,23803.29,15001.72,63.02372487
2014,Illinois,266644.67,136355.18,51.1374107
2014,Indiana,144411.95,59823.14,41.42533911
2014,Iowa,71551.4,35396.65,49.47024097
2014,Kansas,72015.8,38152.9,52.97851305
2014,Kentucky,97807.72,41820.21,42.75757578
2014,Louisiana,95687.04,46436.91,48.52998901
2014,Maine,34248.7,15451.67,45.1160774
2014,Maryland,115065.5,58611.02,50.93709235
2014,Massachusetts,126962.09,70489.56,55.52016354
2014,Michigan,184175.02,85786.16,46.57860767
2014,Minnesota,112735.15,54412.59,48.26586029
2014,Mississippi,68251.71,32292.27,47.31349588
2014,Missouri,123505.27,66651.04,53.96615059
2014,Montana,20885.17,10310.32,49.36670374
2014,Nebraska,45907,22401.06,48.79661054
2014,Nevada,34002.69,21920.59,64.46722303
2014,New Hampshire,31832.2,14826.1,46.57579432
2014,New Jersey,231011.96,114581.2,49.59968306
2014,New Mexico,46379.87,22238.71,47.94905635
2014,New York,359255.36,206692.51,57.53359115
2014,North Carolina,192336.16,99326.62,51.6421977
2014,North Dakota,17036.3,8805.41,51.68616425
2014,Ohio,248468.65,106010.29,42.665459
2014,Oklahoma,85151.7,41982.6,49.30330222
2014,Oregon,59768.26,26733.39,44.72840601
2014,Pennsylvania,243020.88,121329.77,49.92565659
2014,Rhode Island,17311.55,9824.05,56.74852916
2014,South Carolina,72401.1,48151.2,66.50617187
2014,South Dakota,19205.12,9509.63,49.51611862
2014,Tennessee,125506,65847.2,52.46538014
2014,Texas,658340.49,334580.15,50.82174879
2014,Utah,54945.24,27246.92,49.58922738
2014,Vermont,18299.54,8375.35,45.76809035
2014,Virginia,178202.13,90097.56,50.55919365
2014,Washington,105365.05,54866.76,52.07301662
2014,West Virginia,39120.55,19978.02,51.0678403
2014,Wisconsin,102475.64,57980.2,56.57949538
2014,Wyoming,16930.92,7555.19,44.62362352
2015,United States,6258542.66,3132351.07,50.04920858
2015,Alabama,87453.51,42736.79,48.86800999
2015,Alaska,17087.79,7759.08,45.40715915
2015,Arizona,102383.08,48124.48,47.00432923
2015,Arkansas,74107.44,35430.04,47.80901891
2015,California,571388.65,267685.03,46.84815318
2015,Colorado,108670.71,51388.05,47.28785705
2015,Connecticut,94057.79,42061.94,44.71925186
2015,Delaware,18552.67,9648.75,52.00733911
2015,District of Columbia,13617.18,6565.3,48.21335989
2015,Florida,341440.06,180442.27,52.84742218
2015,Georgia,221926.4,111469.8,50.22827388
2015,Hawaii,22424.16,11662.71,52.0095736
2015,Idaho,27450.96,15609.12,56.86183653
2015,Illinois,261922.34,132455.94,50.57069206
2015,Indiana,139587.18,56547.39,40.51044659
2015,Iowa,72129.47,35684.09,49.47227534
2015,Kansas,71175.45,37659.08,52.91020991
2015,Kentucky,97268.54,41585.62,42.75341236
2015,Louisiana,85370.68,46339.54,54.28039228
2015,Maine,32225.46,14936.73,46.35071152
2015,Maryland,117237.8,59194.27,50.49077175
2015,Massachusetts,128723.47,71859.02,55.82433413
2015,Michigan,183721.98,85038.32,46.28641603
2015,Minnesota,115999.45,55689.64,48.00853797
2015,Mississippi,68000.29,32311.15,47.51619442
2015,Missouri,127062.09,67355.55,53.0099497
2015,Montana,20456.3,10234.46,50.03084624
2015,Nebraska,46931.32,22987.69,48.98155432
2015,Nevada,33748.82,21655.67,64.16719162
2015,New Hampshire,31851.1,14772.8,46.38081573
2015,New Jersey,235230.82,115066.79,48.91654503
2015,New Mexico,46920.92,22410.92,47.76317259
2015,New York,356054.8,203780.87,57.23300739
2015,North Carolina,191323,99320.47,51.91245694
2015,North Dakota,17599.41,9049,51.41649635
2015,Ohio,250106,106526,42.59234085
2015,Oklahoma,85835.45,42073.15,49.01605339
2015,Oregon,62956.12,27850.15,44.237399
2015,Pennsylvania,243289.59,122029.58,50.15815925
2015,Rhode Island,15716.28,9471.1,60.26298844
2015,South Carolina,75718.3,49475,65.34087532
2015,South Dakota,19326.39,9617.7,49.76459649
2015,Tennessee,127042.6,65340.6,51.43203933
2015,Texas,675112.09,342257.43,50.69638584
2015,Utah,55355,27374,49.45172071
2015,Vermont,18130.12,8275.73,45.64630571
2015,Virginia,177732.51,89967.71,50.61972624
2015,Washington,111695.69,59554.87,53.31886127
2015,West Virginia,39271.88,20029.09,51.00109799
2015,Wisconsin,103208,58376,56.56150686
2015,Wyoming,16945.55,7614.59,44.93563207
2016,United States,6373406.354,3151496.714,49.44760367
2016,Alabama,71628.43,40766.22,56.91346299
2016,Alaska,16982.39,7832.15,46.1192447
2016,Arizona,103174.56,47943.56,46.46839298
2016,Arkansas,73658.2,35803.87,48.6081251
2016,California,577836.07,263474.93,45.59682991
2016,Colorado,111939.21,51798.13,46.2734461
2016,Connecticut,98165.89,43772.31,44.59014226
2016,Delaware,17097.49,8961.71,52.41535453
2016,District of Columbia,14105.93,6789.09,48.12933284
2016,Florida,345644.58,182586.27,52.82486131
2016,Georgia,224487.7,113031,50.35064282
2016,Hawaii,22596.2999,11746.8999,51.98594439
2016,Idaho,27186.26,15656.42,57.58945879
2016,Illinois,260462.78,129948.23,49.89128581
2016,Indiana,143416.82,57674.85,40.2148437
2016,Iowa,72886.63,35687.49,48.96301283
2016,Kansas,73271.51,40035.33,54.63969557
2016,Kentucky,97711.8,41902.11,42.88336721
2016,Louisiana,107599.88,58469.25,54.33951227
2016,Maine,35241.1,14857,42.15816192
2016,Maryland,115516.58,59414.16,51.43344791
2016,Massachusetts,128290.77,71969.18,56.09848627
2016,Michigan,181467.71,84181.03,46.38898568
2016,Minnesota,117236.4,55985.23,47.75413609
2016,Mississippi,67757.05,32175.03,47.48587785
2016,Missouri,128938.14,67635.28,52.4556039
2016,Montana,21329.5003,10412.3603,48.81670997
2016,Nebraska,47291.814,23308.304,49.28612804
2016,Nevada,26429.51,22702.01,85.89644681
2016,New Hampshire,31980.4,14769.7,46.18359995
2016,New Jersey,236558.29,114968.49,48.60049081
2016,New Mexico,37572.54,21721.65,57.81256737
2016,New York,372692.48,206086.08,55.29654905
2016,North Carolina,190855.03,99354.57,52.05761148
2016,North Dakota,17983.32,9194.74,51.12926868
2016,Ohio,322611.18,101741.94,31.53701617
2016,Oklahoma,85914.53,42452.42,49.41238694
2016,Oregon,65927.71,29086.1,44.11817125
2016,Pennsylvania,241547.6,120892.61,50.04918699
2016,Rhode Island,19482.81,10631.38,54.56800123
2016,South Carolina,78107.8,50236.8,64.31726409
2016,South Dakota,19543.17,9638.25,49.31774119
2016,Tennessee,128468.5,66488,51.7543211
2016,Texas,690077.34,347328.59,50.33183527
2016,Utah,56146,28347.7,50.48926014
2016,Vermont,18183.12,8338.37,45.85775158
2016,Virginia,178550.5,90255.26,50.54886993
2016,Washington,94882.75,57942.31,61.06727514
2016,West Virginia,38452.22,19664.32,51.13962211
2016,Wisconsin,101249.55,58184.6,57.46652701
2016,Wyoming,17268.51,7653.43,44.32015269
2017,United States,6484722.96,3169498.96,48.87639733
2017,Alabama,87251.13,42532.95,48.74773542
2017,Alaska,17230.72,7824.91,45.41255386
2017,Arizona,104170.28,48220.08,46.2896711
2017,Arkansas,73599.33,35730.3,48.5470452
2017,California,599786.02,271287.08,45.23064409
2017,Colorado,111292.87,52014.13,46.73626442
2017,Connecticut,96046.94,42343.2,44.08594381
2017,Delaware,17142.21,9208.2,53.7165278
2017,District of Columbia,13401.86,6726.99,50.19445062
2017,Florida,351531.17,186339.1,53.00784565
2017,Georgia,228522.5,114762.5,50.21934383
2017,Hawaii,22598.41,11781.66,52.13490684
2017,Idaho,28078.99,16203.9,57.70827227
2017,Illinois,259560.1,128893.43,49.65841437
2017,Indiana,144997.31,60161.63,41.49154905
2017,Iowa,73494.6,35808.04,48.72200134
2017,Kansas,68846.5,36193.25,52.57093679
2017,Kentucky,97693.6,42028.74,43.02097579
2017,Louisiana,97152.33,48408.12,49.82702937
2017,Maine,35606.9,14750.1,41.4248362
2017,Maryland,117749.64,59703.26,50.70356054
2017,Massachusetts,130732,72413.04,55.39044763
2017,Michigan,181556.02,83597.16,46.04482958
2017,Minnesota,118632.49,56714.54,47.80692035
2017,Mississippi,67582.96,31924.48,47.23746933
2017,Missouri,124665.94,67926.23,54.48659834
2017,Montana,21233.32,10555.18,49.71045508
2017,Nebraska,47979.08,23610.86,49.21073935
2017,Nevada,35878.12,23704.67,66.06998917
2017,New Hampshire,31622.2,14759.6,46.67480441
2017,New Jersey,237560.71,115728.83,48.71547572
2017,New Mexico,36506.27,21331.02,58.43111334
2017,New York,386801.26,209151.31,54.07203431
2017,North Carolina,193031.38,100219.61,51.91881755
2017,North Dakota,18412.31,9265.3,50.32122531
2017,Ohio,325387.15,102600.18,31.53172459
2017,Oklahoma,84114.66,41089.67,48.84959411
2017,Oregon,68088.74,29755.96,43.70173394
2017,Pennsylvania,247298.68,122551.85,49.55620871
2017,Rhode Island,20233.14,10688.74,52.82788534
2017,South Carolina,87313.75,50789.4,58.16884511
2017,South Dakota,19732.3,9777.16,49.54901355
2017,Tennessee,128322.7,64270.3,50.08490314
2017,Texas,707172.5,352808.91,49.89007774
2017,Utah,59324.58,28841.23,48.61598683
2017,Vermont,18048.34,8186.57,45.35912998
2017,Virginia,180091.15,91627.58,50.87844683
2017,Washington,94685.15,58815.27,62.11667828
2017,West Virginia,36884.91,19356.2,52.47728678
2017,Wisconsin,113144.83,59010.89,52.15518022
2017,Wyoming,16932.91,7505.65,44.32581287
2018,United States,6544766.68,3169749.7,48.43182125
2018,Alabama,91778.29,41802.18,45.54691529
2018,Alaska,17153.93,7742.85,45.13746996
2018,Arizona,103508.24,47867.58,46.24518782
2018,Arkansas,73587.3,35799.86,48.64950881
2018,California,604248.15,271523.05,44.93568578
2018,Colorado,113320.29,52373.47,46.21720435
2018,Connecticut,97989.01,45081.41,46.00659809
2018,Delaware,18397.76,9398.68,51.08600177
2018,District of Columbia,14170.93,6659.32,46.99282263
2018,Florida,352745.8,186128.02,52.76548155
2018,Georgia,231643.7,116021.7,50.08627474
2018,Hawaii,23140.63,12033.47,52.00147965
2018,Idaho,28859.59,16591.97,57.4920503
2018,Illinois,248681.54,128203.64,51.55334007
2018,Indiana,142014.38,61018.37,42.966332
2018,Iowa,75694.41,35552.6,46.96859385
2018,Kansas,69441.54,36387.27,52.39986037
2018,Kentucky,98363.05,42064.18,42.76420871
2018,Louisiana,81650.47,40280.89,49.33332288
2018,Maine,35983.1,14760.1,41.01953417
2018,Maryland,118384.45,60174.75,50.8299443
2018,Massachusetts,132726.62,73381.11,55.28740956
2018,Michigan,184986.01,84472.51,45.66426942
2018,Minnesota,121034.59,57259.83,47.30864954
2018,Mississippi,67521.05,31624.51,46.83651987
2018,Missouri,125778.88,68496.29,54.45770387
2018,Montana,21223.24,10515.4,49.54662907
2018,Nebraska,48012.22,23771.26,49.5108537
2018,Nevada,35847.83,23708.98,66.13783875
2018,New Hampshire,31618.2,14588.8,46.14051401
2018,New Jersey,238785.39,115496.09,48.36815602
2018,New Mexico,36472.74,21091.98,57.82943645
2018,New York,425291.64,213158.85,50.12063016
2018,North Carolina,193798.19,100400.79,51.80687704
2018,North Dakota,18598.55,9283.52,49.9152891
2018,Ohio,323565.81,98912.16,30.56941028
2018,Oklahoma,85021.33,41596.76,48.92508739
2018,Oregon,68520.27,29909.17,43.65010529
2018,Pennsylvania,244015.44,121917.67,49.9630966
2018,Rhode Island,20376.41,10686.99,52.44785514
2018,South Carolina,88409.65,52466.8,59.34510543
2018,South Dakota,19787.34,9832.61,49.69141886
2018,Tennessee,131312,64019.4,48.75365542
2018,Texas,713763.75,356877.48,49.99938425
2018,Utah,60086.41,29211.6,48.61598488
2018,Vermont,18268.18,8313.18,45.50633944
2018,Virginia,183484.76,85936.47,46.83575355
2018,Washington,99520.3,60183.24,60.47333057
2018,West Virginia,37602.66,19238.61,51.16289645
2018,Wisconsin,112000.57,58597.65,52.31906409
2018,Wyoming,16580.09,7334.63,44.23757651
2019,United States,6557054.05,3169762.14,48.3412538
2019,Alabama,76492.75,42113.64,55.0557275
2019,Alaska,17114,7656.78,44.7398621
2019,Arizona,105177.09,48510.41,46.12260141
2019,Arkansas,76287.38,38019.16,49.83676199
2019,California,613096.02,271805.2,44.3332188
2019,Colorado,115528.25,53146.65,46.00316373
2019,Connecticut,96103.31,42827.56,44.56408421
2019,Delaware,18954.93,9623.64,50.77117141
2019,District of Columbia,15682.98,7312.33,46.62589635
2019,Florida,336556.07,164398.73,48.84735254
2019,Georgia,234162.4,117159.3,50.03335292
2019,Hawaii,23176.9,12132.1,52.34565451
2019,Idaho,29356.7,16745.31,57.04084587
2019,Illinois,261629.15,132423.07,50.61479961
2019,Indiana,143562.82,61154.81,42.59794423
2019,Iowa,76347.96,35618.46,46.65279858
2019,Kansas,71519.49,36723.89,51.34808707
2019,Kentucky,97614.73,41826.9,42.84896347
2019,Louisiana,79742.21,38913.16,48.7986977
2019,Maine,36298.4,15033.9,41.41752805
2019,Maryland,119786.4,60698.9,50.67261392
2019,Massachusetts,134075,73868.49,55.09490211
2019,Michigan,188752.61,85015.36,45.04062752
2019,Minnesota,122643.66,57698.44,47.04559535
2019,Mississippi,67299.47,31962.71,47.49325663
2019,Missouri,125331,68498.46,54.65404409
2019,Montana,21388.27,10575.24,49.44411119
2019,Nebraska,48649.28,23911.6,49.15098435
2019,Nevada,27004,23240,86.06132425
2019,New Hampshire,32338.9,14643.5,45.28137939
2019,New Jersey,240766.29,116188.58,48.25782712
2019,New Mexico,37300.81,21139.21,56.67225457
2019,New York,399118.3,212156.93,53.1564025
2019,North Carolina,193980.19,100220.3,51.66522417
2019,North Dakota,18913.91,9470.08,50.06939337
2019,Ohio,328089.85,101739.4,31.0096152
2019,Oklahoma,86709.43,42447.9,48.95419103
2019,Oregon,70802.32,30151.69,42.5857373
2019,Pennsylvania,249286.81,123350.43,49.48133036
2019,Rhode Island,20513.95,10749.13,52.39912352
2019,South Carolina,89964.47,52729.5,58.61147184
2019,South Dakota,19814.41,9865.42,49.78911812
2019,Tennessee,133504.2,64116,48.02545538
2019,Texas,722635.7,359575.86,49.75893939
2019,Utah,59922.01,29753.4,49.65354133
2019,Vermont,18232.87,8316.97,45.61525421
2019,Virginia,185858.07,86973.59,46.79570276
2019,Washington,102940.39,61837.41,60.0710858
2019,West Virginia,37140.04,18911.6,50.91970822
2019,Wisconsin,113361.86,59483.65,52.47236593
2019,Wyoming,16526.04,7327.39,44.33845011
2020,United States,6683301.56,3198169.63,47.85313967
2020,Alabama,76456.41,42021.73,54.9616834
2020,Alaska,16980.03,7483.72,44.07365594
2020,Arizona,106835.31,48911.78,45.78241033
2020,Arkansas,77034.38,38629.48,50.14576609
2020,California,613096.02,271805.2,44.3332188
2020,Colorado,117692.11,53900.97,45.79828673
2020,Connecticut,96886.09,42385.85,43.74812731
2020,Delaware,17133.42,9747,56.88881729
2020,District of Columbia,16578.2,7409.22,44.69254805
2020,Florida,344008.08,166002.13,48.2552997
2020,Georgia,237310.8,117836.9,49.65509366
2020,Hawaii,23336.19,12220.77,52.36831719
2020,Idaho,29942.71,17206.53,57.46483869
2020,Illinois,257247.85,132814.75,51.62910011
2020,Indiana,148729.92,61711.79,41.49251879
2020,Iowa,77459.88,35737.21,46.13641281
2020,Kansas,72547.94,36603.08,50.45364486
2020,Kentucky,98882.02,42222.99,42.70037161
2020,Louisiana,79255,38588.98,48.68964734
2020,Maine,36566.78,14826.48,40.54631007
2020,Maryland,121157.89,61484.58,50.7474833
2020,Massachusetts,137601.61,75152.19,54.61577811
2020,Michigan,191890.98,84837.94,44.21153094
2020,Minnesota,122018.2,55630.45,45.59192809
2020,Mississippi,67226.12,31578.21,46.97312592
2020,Missouri,125332.89,69144.54,55.1687111
2020,Montana,21733.98,10675.42,49.11856917
2020,Nebraska,48201.91,24028.25,49.84916573
2020,Nevada,48718,25508.5,52.35949752
2020,New Hampshire,32018.21,14694.5,45.89419583
2020,New Jersey,242253.68,117059.83,48.32117721
2020,New Mexico,38220.53,21849.97,57.16815021
2020,New York,426192.26,217398.42,51.00947164
2020,North Carolina,194617.77,100776.93,51.78197757
2020,North Dakota,19132.64,9283.6,48.52231579
2020,Ohio,340436.46,105997.88,31.13587775
2020,Oklahoma,88901.08,43315.18,48.72289515
2020,Oregon,70068.73,30237.56,43.15414308
2020,Pennsylvania,252559.26,124293.91,49.21376076
2020,Rhode Island,20519.46,10703.64,52.16336102
2020,South Carolina,98586.7,53556,54.32375767
2020,South Dakota,20167.51,9929.61,49.23567659
2020,Tennessee,135256.8,64784.2,47.89718521
2020,Texas,738419.45,364478.38,49.35926051
2020,Utah,61023.16,30255.81,49.58086405
2020,Vermont,18695.47,8042.2,43.01683777
2020,Virginia,186268.53,87146.89,46.78562181
2020,Washington,103506.51,62212.47,60.10488616
2020,West Virginia,37261.75,18853.7,50.59799929
2020,Wisconsin,114708.68,59801.12,52.13303823
2020,Wyoming,16626.2,7391.19,44.45507693