Year,State,Total Salary - Per Pupil Percent Change,Total Benefits - Per Pupil Percent Change,Total Salary,Total Benefits
2002,Alabama,0,0,5573.798484368793,1621.0204847622035
2003,Alabama,0.02146895025836093,-0.0023015225409542817,5693.462086779834,1617.2896695771747
2004,Alabama,-0.002732056966387786,0.08475935872024132,5558.5705493903315,1758.4171415230226
2005,Alabama,-4.3312542066376025e-4,0.22664813992583466,5571.384330555556,1988.4217624152318
2006,Alabama,0.02720168917849941,0.3501356907348858,5725.4152182841835,2188.597611889817
2007,Alabama,0.09944110500342496,0.4881507008032282,6128.06316472084,2412.322770415262
2008,Alabama,0.12375796750784307,0.6400660675322132,6263.600456092571,2658.580691833109
2009,Alabama,0.09855637589470057,0.5837646425649798,6123.131862955555,2567.3149286399216
2010,Alabama,0.09200761337609031,0.5599955385272788,6086.630380354834,2528.7847240903643
2011,Alabama,0.061723189136912104,0.5103670439857537,5917.831102430521,2448.335917810643
2012,Alabama,0.01332822639946607,0.3111485329759063,5648.087332473461,2125.3986305198555
2013,Alabama,0.006283357655767485,0.2919409411824738,5608.820653747256,2094.2627307597513
2014,Alabama,0.00771310775853018,0.3392539800993819,5616.789792703062,2170.9581360404104
2015,Alabama,0.0023305567765310453,0.3901399276534092,5586.7885381975575,2253.445299412024
2016,Alabama,-0.0010206886406999294,0.38885189634736594,5568.109371570247,2251.3573742799126
2017,Alabama,0.01749814978125075,0.41177733400837613,5671.329645098786,2288.519978350549
2018,Alabama,0.007650302096025463,0.39976794677254923,5616.439726596583,2269.052515631832
2019,Alabama,0.02651527835265477,0.40926056722840265,5721.589302663437,2284.4402478448433
2020,Alabama,0.03984921885032233,0.4071259564215868,5795.91,2280.98
2002,Alaska,0,0,8263.89915521723,2365.850365881038
2003,Alaska,0.010655581220318178,0.013141974431028602,8351.955803862165,2396.9423108970864
2004,Alaska,-0.007841321729891049,0.055134781796954746,8199.099263197797,2496.291009568135
2005,Alaska,-0.013524101456718784,0.2397190946013974,8152.13734461398,2932.9898735524253
2006,Alaska,-0.01058444265204539,0.4267773709807432,8176.430388526547,3375.541765165577
2007,Alaska,-0.012788313446353339,0.6343025534922615,8158.217822531257,3866.515294139982
2008,Alaska,0.0018125319777728688,1.4344485961373294,8278.877736697152,5759.54110189008
2009,Alaska,0.05257883430668775,1.512118910392604,8698.405339626574,5943.297443289018
2010,Alaska,0.11001518682072309,1.9049891717298895,9173.05356464607,6872.7696948176135
2011,Alaska,0.1225890206525917,2.241471730660472,9276.96245942709,7668.83707997612
2012,Alaska,0.10904047582781429,2.5029845965097457,9164.99865129519,8287.537389328223
2013,Alaska,0.09668621536869604,1.8714272890351094,9062.904288723748,6793.3673023645115
2014,Alaska,0.08542932630059386,1.931434776450133,8969.878492663485,6935.336038420946
2015,Alaska,0.08451076617487097,2.567667929151652,8962.287604416508,8440.568475525482
2016,Alaska,0.08855391959504377,1.2825571596788752,8995.699816549886,5400.18869137065
2017,Alaska,0.09097516857652121,1.2134755001660773,9015.70877396249,5236.751821936628
2018,Alaska,0.052213828967091924,1.162444073553119,8695.388972309038,5116.019102612929
2019,Alaska,0.06636003871181329,1.1921443540700372,8812.291823067966,5186.28552214065
2020,Alaska,0.03953470857355623,1.2419000273606908,8590.61,5304
2002,Arizona,0,0,5338.556368215423,1018.3813296738293
2003,Arizona,-0.006181276345325504,0.022882484808925296,5305.557276018387,1041.684424979784
2004,Arizona,0.00997341826489384,0.2543877693139256,5391.800023806349,1277.4450844405042
2005,Arizona,0.009380768255674576,0.2669935369867511,5388.636128325508,1290.2825628847156
2006,Arizona,-0.007282458747957965,0.33351080166808167,5299.678551690246,1358.022503337155
2007,Arizona,0.05499298847913048,0.5249805488537935,5632.139537067883,1553.0117190684523
2008,Arizona,0.06371363548431686,0.5754768542329332,5678.695202672379,1604.4362136840762
2009,Arizona,0.0699469637017045,0.6163307706917491,5711.972176722491,1646.0410794497889
2010,Arizona,0.08975671497818927,0.4595545487700279,5817.727650552332,1486.383102107907
2011,Arizona,0.07519293699899388,0.3169866170127389,5739.978100876223,1341.1945821960712
2012,Arizona,0.051891578689628126,0.2907366145861525,5615.582486085689,1314.462069820943
2013,Arizona,-0.07398954509588906,0.3811212327770077,4943.5590110624025,1406.5080774762075
2014,Arizona,-0.0618101328139562,0.5811236155022872,5008.579490061236,1610.1867699339116
2015,Arizona,-0.09034250104024066,0.5077981777911889,4856.257833966538,1535.5135131787679
2016,Arizona,-0.08202730720260787,0.5348429120193023,4900.648964981378,1563.0553655826693
2017,Arizona,-0.056498820920723,0.576100470268903,5036.934227992435,1605.0712926119932
2018,Arizona,-0.05034700889888566,0.6100031127542853,5069.776023237679,1639.5971107457133
2019,Arizona,-0.018620361935626772,0.670143356263309,5239.150516425507,1700.8428118973407
2020,Arizona,0.006230828990140491,0.6787915785411862,5371.82,1709.65
2002,Arkansas,0,0,5792.578995193156,1301.5209413327368
2003,Arkansas,0.019014673235398405,0.009296447064003566,5902.722991976986,1313.6204618665286
2004,Arkansas,0.037937909875232156,0.05594629527452133,6012.337335057957,1374.336216222511
2005,Arkansas,0.10758166727032159,0.18682939100449847,6415.754301291079,1544.6833061815337
2006,Arkansas,0.10360565685493706,0.26615991302026876,6392.722946874254,1647.9336418719163
2007,Arkansas,0.12134795828225764,0.29558312271010445,6495.496629448537,1686.2285654444618
2008,Arkansas,0.1105794488057299,0.30055212258726516,6433.119187645263,1692.6958228420663
2009,Arkansas,0.11522686867300735,0.30049214645956046,6460.039734350298,1692.6177626558786
2010,Arkansas,0.13044871819292303,0.3877819939706064,6548.213500147353,1806.227327157246
2011,Arkansas,0.1349139403015418,0.39524947793806464,6574.07865194261,1815.9464139199595
2012,Arkansas,0.09822881923392468,0.3515248693088524,6361.577190210213,1759.0379201374617
2013,Arkansas,0.08230647533662916,0.32907267448854416,6269.345755396497,1729.815918399948
2014,Arkansas,0.071088124235968,0.3946625650143911,6204.3625704501055,1815.1825344590595
2015,Arkansas,0.07284485904494531,0.3615101804612102,6214.538595604712,1772.0340117079786
2016,Arkansas,0.07051186662129805,0.3609451452479333,6201.024552695548,1771.2986065453083
2017,Arkansas,0.06261273023709113,0.3436639776792578,6155.268181196226,1748.8068050639972
2018,Arkansas,0.05975362299554421,0.33833501024338464,6138.706576643836,1741.871042350528
2019,Arkansas,0.058463261748204376,0.33601067827674136,6131.232057186284,1738.8458756213327
2020,Arkansas,0.0586010143475868,0.347170025712054,6132.03,1753.37
2002,California,0,0,7134.21426951184,1791.3836599127435
2003,California,0.006422332862269675,0.11967849430742494,7180.032568261399,2005.773759058025
2004,California,-0.032606036223276846,0.16321294872389314,6901.595820615518,2083.760669342902
2005,California,-0.043552874666125674,0.26817286226212644,6823.498729590506,2271.7841434011475
2006,California,-0.03636134528077006,0.2663422812937002,6874.804641151123,2268.5048705661616
2007,California,0.015295210468696308,0.2855725265025717,7243.3335782928,2302.9536176094493
2008,California,0.03866743093523084,0.37155909398615816,7410.076007055327,2456.9885495715307
2009,California,0.02345178731536013,0.32229338993819967,7301.52434522264,2368.7347723459206
2010,California,-0.02838482354030558,0.3346353123590746,6931.710856373016,2390.843890502587
2011,California,-0.08566236193038823,0.3105130641085536,6523.080624667977,2347.6316891462448
2012,California,-0.11744272810739387,0.3188367944846582,6296.352682797671,2362.5426837315176
2013,California,-0.1324291857208697,0.2943894392909978,6189.436083042177,2318.7480911095117
2014,California,-0.11133070986363502,0.28821113063218085,6339.957130567813,2307.6803699322095
2015,California,-0.054905275970498435,0.45710060829854005,6742.508266211625,2610.2262205549237
2016,California,0.009249361217305685,0.6818401512351631,7200.201194292212,3012.8209655078485
2017,California,0.03236519723198383,0.8528578616714715,7365.114521439824,3319.1792975391404
2018,California,0.024965977109402404,0.7684731094843389,7312.326899658045,3168.013831325325
2019,California,0.11114101480355743,1.3053338378244836,7927.118083251406,4129.737367722714
2020,California,0.12164839710477948,1.1949401951067942,8002.08,3931.98
2002,Colorado,0,0,6528.2394733436395,1213.3502727898315
2003,Colorado,0.042606309601396664,0.07595522008096456,6806.383665496977,1305.5105597948816
2004,Colorado,0.025271152179112466,0.12569490209814638,6693.215606536196,1365.8622165389086
2005,Colorado,0.015680351008747095,0.17331575079332584,6630.6045597548255,1423.642986293688
2006,Colorado,-0.0017929628974717726,0.22240458612410574,6516.534582182124,1483.2049380332248
2007,Colorado,0.00967754310946134,0.2703381748963296,6591.41679227581,1541.3651710457982
2008,Colorado,0.01728682120528746,0.843732268794678,6641.09198190463,2237.0930512934374
2009,Colorado,0.03790017424782266,0.3099533963877794,6775.660886914877,1589.4323108490785
2010,Colorado,0.04324128969877217,0.34183027310530534,6810.528967633452,1628.1101279099764
2011,Colorado,-0.006872901527236408,0.3397662642029704,6483.371526297131,1625.6057621452876
2012,Colorado,-0.05582323121898958,0.31282648156884574,6163.812051770243,1592.9183695372735
2013,Colorado,-0.06417961714622533,0.3486142796591205,6109.259563305569,1636.341504112656
2014,Colorado,-0.04966031111454994,0.39504821157351966,6204.045070067109,1692.6821280676966
2015,Colorado,-0.029706267477937698,0.44554824550544714,6334.309845388462,1753.9563580148965
2016,Colorado,-0.006865037908214133,0.5867633043931544,6483.422861885236,1925.2996882383281
2017,Colorado,-9.80703780461445e-4,0.5690537053867428,6521.837204212374,1903.8117414529004
2018,Colorado,-0.004722193657358931,0.6739240336848782,6497.411862308896,2031.056182901002
2019,Colorado,0.050070033880716514,0.9595950953744192,6855.108644955386,2377.6752435301673
2020,Colorado,0.09668924205886498,1.0546746112050598,7159.45,2493.04
2002,Connecticut,0,0,9565.968816727602,2599.5185215248794
2003,Connecticut,-0.003150423754602949,0.005376045243982386,9535.831961331593,2613.4936507091675
2004,Connecticut,0.002526229577048955,0.0689065856646156,9590.134650085547,2778.6424672150883
2005,Connecticut,0.022625512778784218,0.27573964056135436,9782.403766431924,3316.308824282733
2006,Connecticut,0.03085262238911879,0.3762419957371512,9861.104040416183,3577.566558019089
2007,Connecticut,0.039852666732117736,0.372369139615931,9947.198183950477,3567.498996800776
2008,Connecticut,0.05138963276113584,0.4902306626919495,10057.56044122371,3873.8822090120175
2009,Connecticut,0.07690934463012411,0.5590005749052234,10301.681209174325,4052.650869534063
2010,Connecticut,0.09987078878957356,0.5928740580376768,10521.32966799065,4140.7056163254365
2011,Connecticut,0.11711733441117267,0.69302171460554,10686.309585603138,4401.0413044609095
2012,Connecticut,0.10355922083280222,0.846991276912719,10556.613093898795,4801.2880334295005
2013,Connecticut,0.11594394573306044,0.8197742890999526,10675.084986098414,4730.536969510097
2014,Connecticut,0.13477680808155879,1.056612708891317,10855.239560053873,5346.202828366434
2015,Connecticut,0.1665310581558308,1.1444290847474945,11158.99972606293,5574.483123897757
2016,Connecticut,0.19824267045919464,1.182642040221341,11462.352020485065,5673.818409414226
2017,Connecticut,0.20323409359669942,1.1910850487375502,11510.099818569528,5695.766166429505
2018,Connecticut,0.2193969384444272,1.4341702807950214,11664.713088372497,6327.6707294720745
2019,Connecticut,0.23130693750004516,1.4523522945881475,11778.643767945794,6374.935211085927
2020,Connecticut,0.23820391085614023,1.3942549162331224,11844.62,6223.91
2002,Delaware,0,0,8098.041261525155,2591.8075590286608
2003,Delaware,0.013785807425092944,0.0828266269189375,8209.679298876998,2806.4782367660096
2004,Delaware,0.02672470362622459,0.18129871519668384,8314.459014192353,3061.69893951761
2005,Delaware,0.03638494369846357,0.29960537672483345,8392.688036893584,3368.3270391497135
2006,Delaware,0.04343289208117751,0.3991921725756933,8449.7626137059,3626.4368494154164
2007,Delaware,0.03952574678425358,0.4402670796702577,8418.122389876637,3732.8951041095083
2008,Delaware,0.045718016015579455,0.419894266378797,8468.267641614386,3680.092692622021
2009,Delaware,0.02390000650609969,0.39706499341111723,8291.58450036227,3620.9236103772596
2010,Delaware,0.017789491744349517,0.38995070495576223,8242.101299692458,3602.4847437815606
2011,Delaware,0.029473971703736668,0.39827526677624037,8336.72270052304,3624.060406033477
2012,Delaware,0.06384514431649779,0.5692779367977086,8615.061874548182,4067.266418809202
2013,Delaware,0.04628514208454049,0.5993413495302358,8472.860251921318,4145.184999179564
2014,Delaware,0.022859447316389225,0.6012765946834304,8283.158009108936,4150.200782196188
2015,Delaware,0.03342586463832076,0.5995553833817053,8368.725292568432,4145.7397337336915
2016,Delaware,0.051752022779362195,0.7058637334288045,8517.13127735982,4421.270518973628
2017,Delaware,0.06885843266831171,0.823062312361077,8655.659690477096,4725.0266817577085
2018,Delaware,0.06849066818408933,0.7965712866156611,8652.681518509338,4656.367040984317
2019,Delaware,0.08685941073913406,0.8557666586256196,8801.432353642424,4809.790053619241
2020,Delaware,0.12069940210341179,0.9131049999168432,9075.47,4958.4
2002,Florida,0,0,5728.11881432589,1514.5254502872729
2003,Florida,0.006275119919822325,0.0016550494974403307,5764.063446800776,1517.0320648726315
2004,Florida,0.013874357889719802,0.09759899684451057,5807.592784790684,1662.3416149307914
2005,Florida,0.03483551588315037,0.12532586965389725,5927.660788262911,1704.3346694574857
2006,Florida,0.065625141647772,0.16317508066941433,6104.027422891294,1761.6582628137796
2007,Florida,0.12330778957685617,0.28983078470162194,6434.440483754018,1953.4815499946105
2008,Florida,0.14445160737071494,0.32684516475892167,6555.554784265698,2009.5407706179965
2009,Florida,0.10121536171791878,0.3053224573749509,6307.892432081101,1976.944082525887
2010,Florida,0.06305215037342582,0.29125953375564717,6089.289023163616,1955.6454267990057
2011,Florida,0.043016100067452046,0.3267715933680022,5974.520146441187,2009.429344874036
2012,Florida,-0.02289513602551385,0.0420785228498175,5596.972754901593,1578.2544440538159
2013,Florida,-0.043007290605491355,0.03972411943590659,5481.767943855393,1574.6886401632046
2014,Florida,-0.039664979113090304,0.12223679561288714,5500.913101198354,1699.6561882045542
2015,Florida,-0.04247771106081688,0.12065905657556852,5484.801438408926,1697.2666622786232
2016,Florida,-0.045046161501589355,0.13268471543030858,5470.089049115473,1715.4798286705998
2017,Florida,-0.05654653324436021,0.13991282205136746,5404.213553363966,1726.4269801055832
2018,Florida,-0.05528933804680258,0.1417511811460812,5411.414916828376,1729.2112217412944
2019,Florida,-0.06348375709445664,0.14577179805256635,5364.476310909038,1735.3005483720215
2020,Florida,-0.038502835132243174,0.18222509873332182,5507.57,1790.51
2002,Georgia,0,0,7035.054757411588,2061.599467387914
2003,Georgia,0.0404181350812014,-0.013159791232346563,7319.398550900298,2034.4692487923721
2004,Georgia,0.018778874058628547,-0.047205118151334546,7167.165164696576,1964.2814209491391
2005,Georgia,0.00881624147697968,-0.0723475529780162,7097.077498956703,1912.447790701617
2006,Georgia,0.01849320540213739,0.013620853037048297,7165.155470055684,2089.6802107544618
2007,Georgia,0.039572910789170024,0.14838689510422376,7313.452351723563,2367.513811302128
2008,Georgia,0.05423867553546402,0.16031285174445897,7416.626809773057,2392.1003571597284
2009,Georgia,0.07647518247743701,-0.024080800257076707,7573.0618537234,2011.95450240365
2010,Georgia,0.023138625377797872,0.034082337132967044,7197.83625395563,2131.863595468574
2011,Georgia,-0.030477649416892905,0.01573470231365981,6820.642824886553,2094.0381212972625
2012,Georgia,-0.06536874148800853,0.010216512342070327,6575.182081620365,2082.6618237908883
2013,Georgia,-0.10840257057466196,0.006815416223915349,6272.436737574667,2075.650125845165
2014,Georgia,-0.13192959993615405,0.04202609197625007,6106.92279773734,2148.2404362225466
2015,Georgia,-0.11871080225616626,0.07093718061139676,6199.917763243199,2207.8435211543697
2016,Georgia,-0.09707892971333887,0.13924407523782012,6352.099171087339,2348.6649787351266
2017,Georgia,-0.06610686490121442,0.1927544515862636,6569.989342990734,2458.9819421148045
2018,Georgia,-0.06390183941926808,0.2914690729033782,6585.501817997715,2662.4919528455675
2019,Georgia,-0.06185579171138034,0.3576099406241937,6599.895875658982,2798.8479305113756
2020,Georgia,-0.027475942132212605,0.43709292074750605,6841.76,2962.71
2002,Hawaii,0,0,7239.82846370162,1392.2041706890168
2003,Hawaii,0.022625631404217916,0.49723496563042624,7403.634153951099,2084.456763652106
2004,Hawaii,0.021982328076871838,0.5261658505267941,7398.976748210984,2124.7344622665532
2005,Hawaii,0.0348170449968519,0.6872473585700778,7491.89789709181,2348.9928095852893
2006,Hawaii,0.05138967365545666,0.948777738138773,7611.880885772733,2713.0964947827083
2007,Hawaii,0.12646934603434712,1.1024228626985066,8155.444834906816,2927.001878000803
2008,Hawaii,0.13192191653656327,1.0644423092824224,8194.9205100291,2874.1251931298534
2009,Hawaii,0.16989302381054872,1.3930995158306878,8469.824813269568,3331.68312681335
2010,Hawaii,0.06504138542613025,1.239166817870502,7710.716937228306,3117.377382707767
2011,Hawaii,0.0740088244973689,0.9128360512562688,7775.63965786277,2663.0583284032873
2012,Hawaii,0.01249803052462961,0.8968043626602671,7330.312060834045,2640.738944676746
2013,Hawaii,-0.007370562931383606,0.9536867870116377,7186.466852397485,2719.9308930976267
2014,Hawaii,0.030572955079926745,1.0329139349572847,7461.171414108745,2830.2312588993523
2015,Hawaii,0.07777477802865662,1.188329169330661,7802.9045154315645,3046.6009963825777
2016,Hawaii,0.13169335160127016,1.4200562191202115,8193.265739104761,3369.2123615610517
2017,Hawaii,0.13120248469066387,1.6564583067551704,8189.7119468734645,3698.332333926032
2018,Hawaii,0.15388027192226827,2.0137466947528084,8353.895236366603,4195.750717835099
2019,Hawaii,0.17163889829321466,2.3399152825888803,8482.464645043223,4649.8439861682255
2020,Hawaii,0.18968840811405419,2.601670003271423,8613.14,5014.26
2002,Idaho,0,0,5469.671610660492,1652.2830948826409
2003,Idaho,-0.009497132188962643,0.002900914866170279,5417.725416343833,1657.0762274757078
2004,Idaho,-0.036745624484700645,0.013224268786404147,5268.685111600534,1674.1333306406004
2005,Idaho,-0.03117872936351962,0.04947780745384356,5299.134199804382,1734.034439710485
2006,Idaho,-0.047326834291873676,0.03643110980705555,5210.809368711797,1712.477601744652
2007,Idaho,-0.0497442008750022,0.025304787026731113,5197.5871673394995,1694.093766706514
2008,Idaho,-0.05225380658834733,0.041803351290442325,5183.860448215264,1721.3540655292793
2009,Idaho,-0.03844507300424971,0.06346009450158063,5259.389686279377,1757.1371362272575
2010,Idaho,-0.0457926801212325,0.07735286062348123,5219.200688225329,1780.091918831632
2011,Idaho,-0.09710807328226623,0.017600292395771877,4938.5223390625415,1681.3637604731664
2012,Idaho,-0.1574783677647238,-0.031050080703539318,4608.31665320463,1600.979571441441
2013,Idaho,-0.15022260407049537,-0.03456666615165649,4648.003297896612,1595.1691767538068
2014,Idaho,-0.1980507272103167,-0.051975677292250055,4386.399170567557,1566.4045619475805
2015,Idaho,-0.17735527675290552,-0.016440275792021564,4499.59648840429,1625.1191051162753
2016,Idaho,-0.1574627295893225,0.009733050325187786,4608.402188888665,1668.3648493965904
2017,Idaho,-0.13923994453311983,0.03325369529131228,4708.074838977745,1707.2276134548545
2018,Idaho,-0.12293015856976364,0.04341481006111625,4797.284012237463,1724.0166516141642
2019,Idaho,-0.11883290913555455,0.05086505173387512,4819.6946211495515,1736.3265599828537
2020,Idaho,-0.09071506408052443,0.0894985281731413,4973.49,1800.16
2002,Illinois,0,0,7345.124977788562,2024.3298153228568
2003,Illinois,0.014946295336885296,0.06263128979710064,7454.907384992924,2151.116202631254
2004,Illinois,0.013888660625654081,0.17087908811332286,7447.138925858082,2370.245448205838
2005,Illinois,0.015865805649299736,0.09651046423964149,7461.661303155973,2219.6988255738133
2006,Illinois,0.005694718581158664,0.03317684928673281,7386.953397480507,2091.490700512463
2007,Illinois,0.015237006213331572,0.05169317620044245,7457.042692712824,2128.97385315415
2008,Illinois,0.017370814225299958,0.1702800418453705,7472.715779239337,2369.032780984864
2009,Illinois,0.04682495011060395,1.3583479506117122,7689.060088429663,4774.074071328845
2010,Illinois,0.08389785873999189,0.6540403710372888,7961.365235602653,3348.3232388384645
2011,Illinois,0.0602664798179986,0.6230106847021983,7787.789804023134,3285.5089196302247
2012,Illinois,0.0435145155074228,0.6843357011046352,7664.7445325385015,3409.6509787588407
2013,Illinois,0.04072341312482375,0.7330445004691222,7644.243536712508,3508.253653580951
2014,Illinois,0.03774599416733193,1.0133024576046994,7622.374022358493,4075.5881921919745
2015,Illinois,0.05522784924869906,1.2703791213445506,7750.780432774723,4595.996147424284
2016,Illinois,0.06605226250240248,1.408557438046079,7830.287100934405,4875.714633754313
2017,Illinois,0.06405484764792724,1.9057121896247748,7815.615839195793,5882.119820204494
2018,Illinois,0.0797636784863438,1.8507132269815902,7930.999164958902,5770.783780314067
2019,Illinois,0.11415542311065408,1.7050208919293106,8183.610827428649,5475.854442603731
2020,Illinois,0.15018464975711843,1.9949121699978876,8448.25,6062.69
2002,Indiana,0,0,6734.601580147876,2695.8766727182638
2003,Indiana,-0.005954840759917701,0.07955185857806701,6694.498100156606,2910.3386725302566
2004,Indiana,-0.006775439470150357,0.1606025042841226,6688.971694786005,3128.8412175979647
2005,Indiana,-0.010836874497852311,0.25264755439663533,6661.619548030776,3376.983321035472
2006,Indiana,-0.04033949501528156,0.17110140980169275,6462.931153275594,3157.144972071855
2007,Indiana,-0.046660564413908756,0.18474527345913394,6420.361269315375,3193.9271458317
2008,Indiana,-0.054404835653555694,0.14012599203375942,6368.206687987755,3073.6390658835808
2009,Indiana,-0.03403611834636322,0.1406070921464846,6505.381883750359,3074.9360524547187
2010,Indiana,-0.02096150940616026,0.18678551025094836,6593.434165778865,3199.4273726055735
2011,Indiana,-0.07575979700014424,0.1636660792167841,6224.3895315590225,3137.1002377940513
2012,Indiana,-0.09851082639347453,0.2235566733119987,6071.17041305671,3298.5578933305787
2013,Indiana,-0.12146313588401825,0.17466226459979084,5916.595753293651,3166.7445974569846
2014,Indiana,-0.1383487511552408,0.14765329613244127,5802.877862006306,3093.931749411674
2015,Indiana,-0.13858844078343668,0.16480637088268835,5801.263647857513,3140.174323496258
2016,Indiana,-0.12859213257248703,0.17281234037792403,5868.58480093062,3161.7574299009575
2017,Indiana,-0.12325924928238152,0.14886728390106474,5904.499645162909,3097.204510718071
2018,Indiana,-0.13264675187742214,0.17077168023177647,5841.278555352706,3156.256061816013
2019,Indiana,-0.13827031329717143,0.1665737339447262,5803.406109729203,3144.9389163474298
2020,Indiana,-0.12208169560786741,0.20621244766408275,5912.43,3251.8
2002,Iowa,0,0,7166.935320104409,1914.8745798896396
2003,Iowa,-0.007327631830311265,0.055106708164713636,7114.41865672703,2020.3970145356466
2004,Iowa,-0.0050831932855902595,0.11107451477486485,7130.5044026069945,2127.5683447056044
2005,Iowa,0.0018964061683799383,0.14456763567258712,7180.5267404538345,2191.7034705138235
2006,Iowa,-0.02807049649084936,0.099129084369312,6965.7558873512735,2104.6943436761703
2007,Iowa,-0.0044526866923069175,0.13462972459675449,7135.023202579955,2172.673617217508
2008,Iowa,0.015285203459865615,0.15883339693141507,7276.483384655902,2219.0206141111275
2009,Iowa,0.05451435466847432,0.19506217945881965,7557.6361740305965,2288.394188833204
2010,Iowa,0.04994458442377847,0.21371125766965005,7524.884926259123,2324.1048346374973
2011,Iowa,0.017349041648375252,0.22092273007608765,7291.274779464112,2337.91389983216
2012,Iowa,0.0020671960236682274,0.24346173774898539,7181.750780300016,2381.0732726809297
2013,Iowa,0.010142376249597351,0.26048356068136735,7239.625074677437,2413.6679287175302
2014,Iowa,0.020056119672338557,0.28686556709810174,7310.676232568332,2464.18616217142
2015,Iowa,0.05206134998780132,0.3105297474685951,7540.055648144299,2509.5000996168014
2016,Iowa,0.07309911450057971,0.3266254379010167,7690.83194568697,2540.3213280716186
2017,Iowa,0.0839438770959311,0.34463304239038783,7768.555657769741,2574.8036321530217
2018,Iowa,0.07971686190173277,0.35766215233552834,7738.260913275823,2599.7527435855586
2019,Iowa,0.07017763971460012,0.36042511988071557,7669.893924856538,2605.0434799028976
2020,Iowa,0.0675609110824984,0.3558172567884985,7651.14,2596.22
2002,Kansas,0,0,6530.232193988729,1363.959521545564
2003,Kansas,-0.0010117844374571971,0.025442017546024376,6523.625006681869,1398.6614036247931
2004,Kansas,-0.013230500772789089,0.0986510513318104,6443.833951899669,1498.5155623200671
2005,Kansas,-0.013076942311258333,0.06701793048832982,6444.836724308816,1455.3692659494002
2006,Kansas,0.029080879195248377,0.1545817620261163,6720.137087539037,1574.8027877183758
2007,Kansas,0.07319838521948041,0.2537957688316477,7008.234645696969,1710.1266769714666
2008,Kansas,0.09482009199192265,0.3303443857971493,7149.429411351354,1814.535891942707
2009,Kansas,0.11953344016012801,0.4088173566571742,7310.813313180623,1921.5698477312055
2010,Kansas,0.08734719001200042,0.4027868792708835,7100.629626259545,1913.3445206807091
2011,Kansas,0.017557183071581717,0.3494248950093519,6644.884676118525,1840.5609341586287
2012,Kansas,-0.016352923625219562,0.5122268614040135,6423.443805665481,2062.616226348968
2013,Kansas,-0.017475699935891265,0.4311843714775261,6416.111815654885,1952.0775505639751
2014,Kansas,-0.027828175822817824,0.4678928775093627,6348.507744330585,2002.1464668878116
2015,Kansas,-0.016031004327737408,0.4591379453883033,6425.5460134257655,1990.2050938608074
2016,Kansas,-0.027180640891789953,0.39501286777219313,6352.736297783916,1902.7410836764657
2017,Kansas,0.06060535654474175,0.49363169385495564,6925.999244425367,2037.2531705156957
2018,Kansas,0.0830849245648142,0.7194956700277022,7072.796043217003,2345.322491390654
2019,Kansas,0.11302270896557465,0.5397408419318013,7268.2967267275435,2100.1441820654636
2020,Kansas,0.1388814025397327,0.922777002229674,7437.16,2622.59
2002,Kentucky,0,0,6298.989959130216,1610.407081326397
2003,Kentucky,-6.023395272625187e-5,-0.0031923464717513728,6298.610546066795,1605.2661039622412
2004,Kentucky,0.01799986768088946,0.09232051021497822,6412.370944917811,1759.080684728264
2005,Kentucky,0.006948692119052247,0.14322874186562173,6342.759701017214,1841.0636614762648
2006,Kentucky,0.01663598577191805,0.2908403720413284,6403.779866467761,2078.778475997356
2007,Kentucky,0.08485624778375422,0.34632791065413104,6833.4986118895495,2168.1360011047855
2008,Kentucky,0.09291902667874674,0.3709066300425945,6884.285975191795,2207.7177448579014
2009,Kentucky,0.08130078608301061,0.39221522023637134,6811.102794336494,2242.033249399042
2010,Kentucky,0.08001129787901218,0.4597244601623922,6802.9803210870905,2350.7506074308685
2011,Kentucky,0.08761725545790067,0.5091412911063693,6850.89017150608,2430.3318219197586
2012,Kentucky,0.055982342796011775,0.5054425736189583,6651.62217429088,2424.3753810862063
2013,Kentucky,0.030820922639531068,0.4952310741300696,6493.130641367751,2407.930709998339
2014,Kentucky,0.006764483683000977,0.48198962455123007,6341.59937392814,2386.606585829549
2015,Kentucky,0.01090356925566116,0.5893861965462859,6367.671432390307,2559.5587858805675
2016,Kentucky,0.02824428270843704,0.6384883347677985,6476.900412313496,2638.633216980759
2017,Kentucky,0.024391287064082556,0.6766982264449106,6452.6304314371355,2700.166697114295
2018,Kentucky,0.02148277750496641,1.176852956388906,6434.309758928229,3505.6194159749966
2019,Kentucky,0.01829313767892593,1.1590126295555851,6414.218249690758,3476.88922730944
2020,Kentucky,8.28710778022046e-4,1.1957615816539682,6304.21,3536.07
2002,Louisiana,0,0,6148.120790290342,1634.2186490347578
2003,Louisiana,0.0171350572807758,0.07170466970752942,6253.469192201095,1751.39975749368
2004,Louisiana,0.024066574642223726,0.1760260942027092,6296.0849981992715,1921.8837748975743
2005,Louisiana,0.027279425494930454,0.295102741121128,6315.8379933229,2116.4810519561815
2006,Louisiana,0.021989946445972075,0.44821384653528007,6283.317637212193,2366.6980757983156
2007,Louisiana,0.06436956628121293,0.49238318299965633,6543.8726590058395,2438.8804291638903
2008,Louisiana,0.1651671504711476,0.550219964717849,7163.588381975018,2533.398376447913
2009,Louisiana,0.22576994036791564,0.5862951958599658,7536.181654488934,2592.3531919486
2010,Louisiana,0.21991707459521392,0.658190244208525,7500.197528749008,2709.845420733071
2011,Louisiana,0.17079950264439514,0.828641844190855,7198.216763469598,2988.400604182007
2012,Louisiana,0.18064631815798293,1.0362112508373973,7258.75617464684,3327.614399492866
2013,Louisiana,0.04887161228056902,0.8626946869117609,6448.5893658075165,3044.050394809159
2014,Louisiana,0.045368331126591555,0.9428469236408685,6427.050770110515,3175.0366748337156
2015,Louisiana,0.04743625843952892,1.0260473396102427,6439.764637015995,3311.004346218316
2016,Louisiana,0.05060291839604636,1.013216452405318,6459.233644930439,3290.035871064367
2017,Louisiana,0.037270474767545414,0.9812408638404364,6377.264171072679,3237.7807679177745
2018,Louisiana,0.03031708253867782,1.0219234574142222,6334.513875747335,3304.2650210271568
2019,Louisiana,0.028341021565340352,1.005164924728669,6322.364814194278,3276.8779143819675
2020,Louisiana,0.03787648578366021,0.9841531008810773,6380.99,3242.54
2002,Maine,0,0,7454.998973357342,2791.469503663897
2003,Maine,0.017107098753520678,0.21077845720511768,7582.532377001961,3379.851138981309
2004,Maine,0.08467744926215448,0.05036404013913254,8086.269270673222,2932.0591857935897
2005,Maine,0.10405852534395055,0.10664002556191887,8230.755172965572,3089.151882889932
2006,Maine,0.12031463295209077,0.06641749678673237,8351.944438495044,2976.871920453755
2007,Maine,0.1331073843279491,0.21547616062694175,8447.314386868484,3392.964634820588
2008,Maine,0.09957615155581712,0.17971758025943574,8197.339080976833,3293.1456482303806
2009,Maine,0.15549383313596787,0.2551978992471331,8614.20533974938,3503.846656811361
2010,Maine,0.16114877845228048,0.24629707610999518,8656.362951276882,3479.000280466534
2011,Maine,0.14802288381530415,0.267577596163183,8558.509420233828,3538.404203217116
2012,Maine,0.1040498707207611,0.13728234746997825,8230.69065275858,3174.6889900177316
2013,Maine,0.09753156267853824,0.1550249243938957,8182.096672995782,3224.216852417258
2014,Maine,0.11164433962810594,0.23677209221222917,8287.30741066603,3452.4115783930306
2015,Maine,0.14506046743753176,0.3027772648408005,8536.424609178877,3636.6630048697584
2016,Maine,0.16005759694344457,0.24571402725662916,8648.228194248764,3477.372717373217
2017,Maine,0.1810914055292041,0.22238108033899118,8805.035215661397,3412.2395076220214
2018,Maine,0.18100234385133263,0.26626276526243364,8804.3712609443,3534.7338928551994
2019,Maine,0.2044680703573849,0.3029117676559705,8979.308227956004,3637.0384653764627
2020,Maine,0.21723960424816946,0.3408278310357127,9074.52,3742.88
2002,Maryland,0,0,8000.744510027923,2356.9986430155286
2003,Maryland,0.023096445104930252,0.07340791545012348,8185.5332664023545,2530.0210001180685
2004,Maryland,0.022267697292050803,0.1340756139812198,8178.9026668882625,2673.0146832307373
2005,Maryland,0.03788555272177074,0.20697142218068332,8303.857137976003,2844.8300042383935
2006,Maryland,0.07079049149684269,0.27322526864284535,8567.121146233465,3000.9902304442685
2007,Maryland,0.1463125773612972,0.3644888815987499,9171.354060099357,3216.09844233803
2008,Maryland,0.21774348860389892,0.5034664048699309,9742.854531069896,3543.6682760978624
2009,Maryland,0.24518263994515488,0.5852442062370788,9962.388170523274,3736.4184429490238
2010,Maryland,0.23729021032375064,0.6753798025535218,9899.242857559042,3948.8679211542753
2011,Maryland,0.19789409469828323,0.7437267187182071,9584.044601752159,4109.961509808734
2012,Maryland,0.14165192153294726,0.7390531542713994,9134.065343567556,4098.945924749563
2013,Maryland,0.12871080872796892,0.7460333175527227,9030.526806339474,4115.398160131669
2014,Maryland,0.12598558933965065,0.7443463340539704,9008.723022279764,4111.42194231432
2015,Maryland,0.13819109805196295,0.731266496646114,9106.376179101895,4080.592783293139
2016,Maryland,0.2890856557039334,0.7249249789581005,10313.64498282899,4065.645834707832
2017,Maryland,0.31142342421845615,0.7399379399178001,10492.363761637833,4101.031363317489
2018,Maryland,0.34654495807312924,0.6973706472163208,10773.362180809369,4000.7003121832577
2019,Maryland,0.14347495097870389,0.6902262023932324,9148.650936397313,3983.8608654301393
2020,Maryland,0.1548875218323591,0.7119738324658065,9239.96,4035.12
2002,Massachusetts,0,0,9224.679306244212,2575.201553652909
2003,Massachusetts,-0.004497370169675885,0.10219759247765636,9183.192508707483,2838.380952580956
2004,Massachusetts,-0.0020340890999032135,0.26289873416287235,9205.915486617278,3252.218782322521
2005,Massachusetts,0.010501692887902037,0.34950038013811113,9321.554055307774,3475.2354755868546
2006,Massachusetts,0.01711004724112919,0.4335747025951171,9382.514004958317,3691.7438014004524
2007,Massachusetts,0.017247018036591122,0.554802353136479,9383.777516620776,4003.9294354202593
2008,Massachusetts,0.027425921205338044,0.6256263070958734,9477.674634041778,4186.315391692334
2009,Massachusetts,0.0550893365078402,0.722999237678809,9732.860768722809,4437.070313813247
2010,Massachusetts,0.057484148405454016,0.42743380461225344,9754.952140477075,3675.9297513741576
2011,Massachusetts,0.054096422364313224,0.4665262211145882,9723.70145417014,3776.6006030870167
2012,Massachusetts,0.04605465379462248,0.43558265307350963,9649.518718059708,3696.9146785920666
2013,Massachusetts,0.06551018642962148,0.4340758461938241,9828.989767349742,3693.034347174446
2014,Massachusetts,0.09761689438167531,0.44993318619218514,10125.16385178668,3733.8701937750275
2015,Massachusetts,0.12949499323482416,0.5598695832908043,10419.229090599729,4016.978574386395
2016,Massachusetts,0.15385780087828493,0.5811037147357245,10643.96817811037,4071.6607426738233
2017,Massachusetts,0.16799683166681767,0.6537829807722602,10774.396202835696,4258.824501489463
2018,Massachusetts,0.19499751078662486,0.7114941565517583,11023.468808766724,4407.4424110199625
2019,Massachusetts,0.2189041937006886,0.7730278391951431,11244.00029192503,4565.904046165192
2020,Massachusetts,0.2406317466508816,0.851738553526332,11444.43,4768.6
2002,Michigan,0,0,7709.157495634394,2775.70101855927
2003,Michigan,-0.023607727181719107,0.03952678604568716,7527.161808676552,2885.4155588466583
2004,Michigan,-0.038849243542536493,0.07676521572063044,7409.662558578722,2988.778306024946
2005,Michigan,-0.06222286367472285,0.12693381499101974,7229.471639736567,3128.0313381194574
2006,Michigan,-0.09782497745452623,0.1653767349737445,6955.009337430567,3234.7373902718987
2007,Michigan,-0.1002811981797882,0.18822821675664891,6936.0739450154815,3298.1662715322955
2008,Michigan,-0.1258729885577523,0.13774279068914974,6738.782802396496,3158.033822974339
2009,Michigan,-0.07374736623698075,0.21189742109611687,7140.627434425279,3363.864906125844
2010,Michigan,-0.07927288654099374,0.23098794933785105,7098.030328156317,3416.85450481126
2011,Michigan,-0.11684560837272495,0.2637681815242472,6808.376298015841,3507.842628679649
2012,Michigan,-0.15095608060251453,0.2601068099219006,6545.413295345929,3497.679755793692
2013,Michigan,-0.1664708790573366,0.26408450083041,6425.807270544681,3508.720636499955
2014,Michigan,-0.1828005536259183,0.29382010394917546,6299.919237443029,3591.2577803641866
2015,Michigan,-0.18562823544016505,0.39717905470332027,6278.12019298946,3878.151325249684
2016,Michigan,-0.1928034094210247,0.455160935143474,6222.805646712434,4039.0916898454
2017,Michigan,-0.19664779890626627,0.45837123477434094,6193.168642696146,4048.002521800678
2018,Michigan,-0.1979775413273478,0.5097139951583367,6182.917448943403,4190.51467409418
2019,Michigan,-0.18476457981405936,0.5022081567682111,6284.778250233099,4169.680710829567
2020,Michigan,-0.1680323039668027,0.5441504583316774,6413.77,4286.1
2002,Minnesota,0,0,7524.686435916802,1920.4917417080462
2003,Minnesota,0.014017056487041213,0.06054724979409065,7630.1603907363215,2036.7722349207315
2004,Minnesota,0.019376740656316116,0.09800662654653469,7670.4903335056615,2108.7126586233308
2005,Minnesota,0.02188378661585344,0.14338625174345188,7689.355068231612,2195.8638540558163
2006,Minnesota,0.01594792177811577,0.1572450879310774,7644.689546601651,2222.4796345038358
2007,Minnesota,0.028900845822277477,0.18408544306906083,7742.156238462217,2274.0263148908443
2008,Minnesota,0.034945511806654395,0.24887634235733458,7787.640454604504,2398.4567019118117
2009,Minnesota,0.05637139840792771,0.6931300024942393,7948.8635328905975,3251.64218742831
2010,Minnesota,0.05680408056878572,0.4075740925239526,7952.11933047747,2703.2344205344484
2011,Minnesota,0.04961834041458468,0.300978924226305,7898.04888900713,2498.519280112837
2012,Minnesota,0.02543010560767245,0.29435066093521134,7716.040006646786,2485.7897552004247
2013,Minnesota,0.033915635196077654,0.3208747485994847,7779.89095604223,2536.729046516002
2014,Minnesota,0.04520723828635331,0.3584716014609646,7864.856728655383,2608.933491950687
2015,Minnesota,0.08144746667507885,0.42679064646348697,8137.553083646553,2740.1396536794114
2016,Minnesota,0.10517296365253515,0.5291173945695498,8316.080008938205,2936.6573283729444
2017,Minnesota,0.12055843272330735,0.4782694671977663,8431.850839365261,2839.0043037724636
2018,Minnesota,0.12421188197932298,0.4913072965946139,8459.341899426312,2864.043347458908
2019,Minnesota,0.13259310679989955,0.5184701779836027,8522.407988150075,2916.2094368474563
2020,Minnesota,0.1418548896586873,0.552175380534994,8592.1,2980.94
2002,Mississippi,0,0,4942.149359889214,1315.1956257595516
2003,Mississippi,0.036593460426223245,0.047971663078570925,5122.999706910805,1378.287747200899
2004,Mississippi,0.09204572366508956,0.11099626898820358,5397.053074181176,1461.1774332084676
2005,Mississippi,0.12406960561207447,0.19565301415028014,5555.319881846635,1572.5176141366717
2006,Mississippi,0.15015011289488456,0.27503040401398926,5684.213644219961,1676.9144100696324
2007,Mississippi,0.1511208136523956,0.3450487603411896,5689.010992347338,1769.00224603404
2008,Mississippi,0.17230470263641484,0.39493596310908075,5793.704935729673,1834.6136768957501
2009,Mississippi,0.18389200094923597,0.40501484486053285,5850.971094669228,1847.8693780878077
2010,Mississippi,0.18842646948083153,0.39860305825035436,5873.381115420089,1839.4366243847974
2011,Mississippi,0.1142256718369179,0.3136764141449797,5506.669690840953,1727.7414735469704
2012,Mississippi,0.1209197690758923,0.30254501487657803,5539.752919225587,1713.1015059205854
2013,Mississippi,0.079161752031909,0.34784380700490636,5333.378562021421,1772.6782791799542
2014,Mississippi,0.0616750336487053,0.38210122525485457,5246.956587957308,1817.7334858121014
2015,Mississippi,0.09528599124461423,0.41041830304118965,5413.066960525193,1854.9759826509824
2016,Mississippi,0.12550593300078217,0.441390965244556,5562.418426331328,1895.711092498978
2017,Mississippi,0.1139440587400482,0.42722090299601545,5505.277916854522,1877.0746886129568
2018,Mississippi,0.10462328415811117,0.4072284882279724,5459.21325672073,1850.780752161656
2019,Mississippi,0.11794521066306385,0.42686431968679606,5525.052207269673,1876.6057118044528
2020,Mississippi,0.15460492681830118,0.5360452547378984,5706.23,2020.2
2002,Missouri,0,0,6789.531357929927,1473.0970768759403
2003,Missouri,0.006706452353145265,0.053735738892470186,6835.065026482071,1552.2550367622068
2004,Missouri,-0.011695832788828242,0.06671917636149494,6710.122134453073,1571.3809005456287
2005,Missouri,-0.001391589962669637,0.12394834610058059,6780.083114241002,1655.685023200313
2006,Missouri,-8.743761623578594e-4,0.1541089652536347,6783.594753556972,1700.1145431114455
2007,Missouri,0.01822156060833624,0.18147533949635575,6913.247215070647,1740.4278690130907
2008,Missouri,0.051500565288775224,0.29163953659855557,7139.196060909185,1902.7104257407264
2009,Missouri,0.07414696813398991,0.3649202563324465,7292.954523171083,2010.660039772086
2010,Missouri,0.07336896834717077,0.40289212485841186,7287.672269222012,2066.596288301203
2011,Missouri,0.021488635059144112,0.3775708091377843,6935.429119503098,2029.2955321304937
2012,Missouri,-0.009220031696007602,0.3426891236288756,6726.931663608776,1977.9114231708145
2013,Missouri,-0.012190406877217619,0.35519224957921014,6706.764208171134,1996.3297414600643
2014,Missouri,-0.0026968242262638276,0.38363727662898284,6771.221185278884,2038.2320276587413
2015,Missouri,0.01216692343854775,0.4249831058563409,6872.13906614548,2099.1384478345744
2016,Missouri,0.023724487623052903,0.4569224988660645,6950.6095105974655,2146.18827431439
2017,Missouri,0.03202143696885784,0.4766890100263448,7006.941908355964,2175.3062641246347
2018,Missouri,0.02752778266926592,0.4886159845993059,6976.4321015771875,2192.875855504037
2019,Missouri,0.022057639014036345,0.5109904965518159,6939.292389697625,2225.8356836578055
2020,Missouri,0.03636460737186287,0.5387987903738833,7036.43,2266.8
2002,Montana,0,0,6083.5595293903525,1658.5933769254264
2003,Montana,0.028196398530534683,0.06203709056535711,6255.093998365274,1761.4876844608507
2004,Montana,0.045518878546854324,0.08160588097997912,6360.47633674123,1793.9443506369844
2005,Montana,0.05639663604914458,0.10802455948155032,6426.651822052686,1837.7621958268126
2006,Montana,0.06996178850166013,0.14103008631725844,6509.176234522819,1892.5049440384523
2007,Montana,0.09923703390262006,0.18732391365534196,6687.273932657071,1969.287579453927
2008,Montana,0.12881848351327174,0.20521098957877348,6867.234442329131,1998.9549651130928
2009,Montana,0.15433008763672862,0.23965651746379923,7022.435804704422,2056.0860895278965
2010,Montana,0.1903962232320886,0.30645461503152305,7241.8462875938585,2166.876971744942
2011,Montana,0.18393424984620843,0.31912230963919797,7202.53448782352,2187.887526122145
2012,Montana,0.13351750058635914,0.254473028050868,6895.821192422879,2080.660655856754
2013,Montana,0.12949372780869894,0.2670850045154285,6871.342331197244,2101.5787964908136
2014,Montana,0.1233552728109033,0.3038126997702457,6833.99867479967,2162.495108590189
2015,Montana,0.14320845046126207,0.2922755519705882,6954.77666288319,2143.3596716610673
2016,Montana,0.16641771185993548,0.3227847212721382,7095.971586235201,2193.9619778001147
2017,Montana,0.15912503370049547,0.33560223180952065,7051.606144523563,2215.221015886089
2018,Montana,0.16064137640588272,0.32896257222369996,7060.830905638743,2204.2085204720074
2019,Montana,0.1636751590012382,0.34294525010707466,7079.287102656816,2227.400097401054
2020,Montana,0.1723958589610035,0.34279446124915824,7132.34,2227.15
2002,Nebraska,0,0,6654.242954133911,1818.747468771048
2003,Nebraska,0.014510773421470224,0.06846508694940989,6750.801165932763,1943.268172359477
2004,Nebraska,0.0199294176897431,0.0921723538210435,6786.858141375875,1986.3857039737402
2005,Nebraska,0.0019838666767426627,0.12443134413624146,6667.444084989566,2045.0566609546163
2006,Nebraska,0.0074208111634306295,0.18543603950835608,6703.622834532128,2156.0087962457987
2007,Nebraska,0.04060901565949693,0.15397334569681753,6924.465210460432,2098.7861015153444
2008,Nebraska,0.042614551055132566,0.21736201843682235,6937.810530236106,2214.0740896099846
2009,Nebraska,0.07716104468114793,0.24899260118456423,7167.691292037051,2271.602131918193
2010,Nebraska,0.13537420058713323,0.35309053621598063,7555.055774562353,2460.929987760875
2011,Nebraska,0.07322918154382951,0.3277049861720711,7141.527719458932,2414.760082875154
2012,Nebraska,0.13184996905699364,0.3398857258140384,7531.604681734185,2436.913772266741
2013,Nebraska,0.12854930626853078,0.40902338623914214,7509.641269630083,2562.6577171616505
2014,Nebraska,0.12247784678680307,0.40227988442116147,7469.240303152487,2550.392990299545
2015,Nebraska,0.1329288471655563,0.42576427790673543,7538.783798786457,2593.105171507056
2016,Nebraska,0.15275043561456547,0.4771949043307291,7670.681464063019,2686.644493133004
2017,Nebraska,0.15684030907203095,0.5194640674720716,7697.896475700658,2763.5214266033913
2018,Nebraska,0.1454922353883552,0.5460814654122974,7622.383636348065,2811.9317517324484
2019,Nebraska,0.14119613951182064,0.5504662484923675,7593.796370631351,2819.906564860436
2020,Nebraska,0.140974270451504,0.5701520134236346,7592.32,2855.71
2002,Nevada,0,0,5679.9902787455585,1622.6955253044534
2003,Nevada,-0.030636794435023984,0.026655374362043682,5505.973584182696,1665.9490820070566
2004,Nevada,-0.03569221243026721,0.10097586441960682,5477.25885911472,1786.5486086618987
2005,Nevada,-0.03374879608835435,0.16054077380024756,5488.29744504434,1883.2043205790296
2006,Nevada,-0.01216121898020106,0.16590576564096216,5610.9146731603205,1891.9100688322521
2007,Nevada,0.05730763909808223,0.24913496736364427,6005.497111720525,2026.96572204231
2008,Nevada,0.07770509346255006,0.343043815142255,6121.354454221858,2179.351189119159
2009,Nevada,0.08313940921553109,0.41580440331083324,6152.221314870424,2297.4194699588306
2010,Nevada,0.09093726099221255,0.395238944898741,6196.513037157074,2264.047992617694
2011,Nevada,0.05932444566842521,0.39435620851439945,6016.952553434183,2262.6155802367994
2012,Nevada,-0.011936570203549324,0.37340084805018026,5612.190676027834,2228.611410580369
2013,Nevada,-0.02665723868350034,0.3475333884246983,5528.577422165076,2186.636399595106
2014,Nevada,-0.031639522163563916,0.36142522040003455,5500.278100432361,2209.1786131797653
2015,Nevada,-0.01553799485224494,0.36736179304866146,5591.734619033608,2218.8118630523372
2016,Nevada,0.0122008390715862,0.4703839677171062,5749.290926064707,2385.9854848939563
2017,Nevada,0.03321396525412834,0.4968337375528753,5868.6452785076,2428.9054080517913
2018,Nevada,0.006065432429425366,0.46589322826993484,5714.441875981082,2378.698382087723
2019,Nevada,-0.011698454823585669,0.4433705059253268,5613.543169071248,2342.150861321453
2020,Nevada,0.013093283193235772,0.5326227016823675,5754.36,2486.98
2002,New Hampshire,0,0,6973.612537521306,1918.8889011891692
2003,New Hampshire,0.04477107144571546,0.09335902166340215,7285.828642673409,2098.034491684951
2004,New Hampshire,0.0776892276197163,0.21448433105256037,7515.387109280507,2330.460503524911
2005,New Hampshire,0.10530124046575895,0.3023204137590374,7707.942588249869,2499.0081877543034
2006,New Hampshire,0.11703017603064403,0.3947225849799467,7789.735640356931,2676.317688555888
2007,New Hampshire,0.1488941609867136,0.4914686889610129,8011.942725341968,2861.962713718449
2008,New Hampshire,0.17961524012785834,0.6355897950775251,8226.17962800684,3138.5151046725305
2009,New Hampshire,0.19390800076809667,0.6529882945308945,8325.851802803396,3171.900892170947
2010,New Hampshire,0.21730463743749695,0.7727620769124253,8489.010881616956,3401.7334738363134
2011,New Hampshire,0.2625188266754359,0.9187978038488782,8804.317118560508,3681.959809431765
2012,New Hampshire,0.21072394992610577,0.9151432129151751,8443.11971668201,3674.9470554506956
2013,New Hampshire,0.2202501531595762,0.9143769373539055,8509.551766985915,3673.476657780923
2014,New Hampshire,0.2315468593078287,1.040562009552176,8588.330618614062,3915.611792317938
2015,New Hampshire,0.25517844958347724,1.0437453758817923,8753.12817284189,3921.720318636258
2016,New Hampshire,0.2865048269640351,1.186956615281236,8971.586190898073,4196.526776445396
2017,New Hampshire,0.2893323236468064,1.2052012321230081,8991.304057214847,4231.536169209521
2018,New Hampshire,0.343254166204648,1.3637546217920957,9367.33409452246,4535.782508891455
2019,New Hampshire,0.3514859673919155,1.3810084322177616,9424.739486488374,4568.890654220487
2020,New Hampshire,0.3729670165189829,1.417659509690735,9574.54,4639.22
2002,New Jersey,0,0,10704.808665396666,2678.880787216299
2003,New Jersey,0.009057539662852943,0.19232119586485763,10801.767894466748,3194.0863437931284
2004,New Jersey,0.02826111761448513,0.3296017678223977,11007.338522130001,3561.844630468247
2005,New Jersey,0.050844246087260236,0.40872389894983563,11249.08659149713,3773.8033873891495
2006,New Jersey,0.05984705446692873,0.5037012002241781,11345.45993265271,4028.2362549946397
2007,New Jersey,0.07396995050810218,0.7638789126242558,11496.64283257476,4725.221330005095
2008,New Jersey,0.08326081056297885,0.7908404831311353,11596.099711799192,4797.448163229153
2009,New Jersey,0.10851218635004112,0.5974483159985235,11866.410858137724,4279.373602299475
2010,New Jersey,0.13575988455275811,0.6988803737836242,12158.09225397028,4551.097993107795
2011,New Jersey,0.04352038894278554,0.6548083747848119,11170.68610207283,4433.034361735661
2012,New Jersey,0.07919682326173039,0.7832463656141353,11552.595505320725,4777.1044277169985
2013,New Jersey,0.07099924992790219,1.121160872362772,11464.842051261538,5682.337107567593
2014,New Jersey,0.07172318933204136,0.8148608186358279,11472.591684068188,4861.795778515163
2015,New Jersey,0.07206443111276006,0.8853195840637516,11476.244612039422,5050.546411511008
2016,New Jersey,0.05840610496992715,0.9807390961694238,11330.034843990808,5306.163909216446
2017,New Jersey,0.057473009136727704,1.0719251305659174,11320.046231629929,5550.440424823658
2018,New Jersey,0.036980917288344406,1.1542235954262638,11100.682309239253,5770.908201155436
2019,New Jersey,0.045681198016692015,1.2906553438719257,11193.817149771452,6136.392590832846
2020,New Jersey,0.04471460906635438,1.3266880817331197,11183.47,6232.92
2002,New Mexico,0,0,6146.1569496546,1578.7401510750717
2003,New Mexico,0.01994505208603181,0.052187833051787536,6268.742370144388,1661.1311785115315
2004,New Mexico,0.03067349996544899,0.12208500377334985,6334.681094637474,1771.4806483762109
2005,New Mexico,0.03343562580470705,0.14066605871093185,6351.657553560251,1800.8153058555033
2006,New Mexico,0.061046487683122264,0.20046397590184117,6521.3582441802255,1895.2206786754539
2007,New Mexico,0.07758657986718642,0.22813799291590486,6623.01624670524,1938.910760477091
2008,New Mexico,0.08848673548169694,0.2883113050954569,6690.01031388768,2033.9087844381245
2009,New Mexico,0.11529513133762315,0.37042847615208396,6854.778922386672,2163.5504594779213
2010,New Mexico,0.09665172526884902,0.34895163211670144,6740.193622611843,2129.644103480886
2011,New Mexico,0.03782584423151558,0.2726360749563883,6378.640525054681,2009.161669240235
2012,New Mexico,-0.004377040194613269,0.1802104544433536,6119.25497364356,1863.2456311482792
2013,New Mexico,-0.02558617941096908,0.2232377217384478,5988.900275252763,1931.1745056180837
2014,New Mexico,0.09274886530278881,0.32098736460766575,6716.206032707913,2085.495791568967
2015,New Mexico,-0.0035239526842690827,0.36325102878459004,6124.498183373926,2152.2191351366305
2016,New Mexico,0.010996878213653805,0.3827283996725064,6213.745489111954,2182.9688425947647
2017,New Mexico,-0.011061070908788606,0.3806615969275391,6078.173871817927,2179.705898116933
2018,New Mexico,-0.043340987625900995,0.33708087199258663,5879.776437352774,2110.9032578491647
2019,New Mexico,-0.010292477483801687,0.35969766809588544,6082.897767638368,2146.609301946121
2020,New Mexico,0.08241459736459644,0.4688864398747581,6652.69,2318.99
2002,New York,0,0,10960.512268173898,2928.6784280816314
2003,New York,0.01105554225415295,0.09192151199648513,11081.686674681856,3197.8869773423844
2004,New York,0.01863398813720374,0.24088632646611585,11164.750323756727,3634.1570160227743
2005,New York,0.05458760987530331,0.437219577683585,11558.820435902451,4209.153973578508
2006,New York,0.060899299864181966,0.506842065944547,11627.999791458466,4413.055853057754
2007,New York,0.09736155203271335,0.6373819899221111,12027.644753676903,4795.365312414262
2008,New York,0.12373066168337532,0.7224599558148035,12316.663703503806,5044.531315829255
2009,New York,0.17057834281998452,0.8187582026301428,12830.138287337111,5326.557913939419
2010,New York,0.17977608226195163,0.8876201138764259,12930.95022333026,5528.232307922881
2011,New York,0.1479146301540677,0.9968536924365063,12581.732386619962,5848.142333073949
2012,New York,0.1322906922234166,1.0851132291075163,12410.486023253872,6106.626134194815
2013,New York,0.12034548795367384,1.1471545715521807,12279.560465309514,6288.32527546173
2014,New York,0.143305558389772,1.2354644228663254,12531.214599002504,6546.956431992561
2015,New York,0.14340986759905738,1.3221195979661449,12532.35788137056,6800.741573989039
2016,New York,0.2120940312223185,1.382454951780801,13285.171499392576,6977.444423156695
2017,New York,0.21823367182294695,1.3957413684173678,13352.465105517944,7016.356064946714
2018,New York,0.2056451739417935,1.4152960760960775,13214.48872005368,7073.625515492793
2019,New York,0.23844034540604708,1.4565948243837363,13573.940599224497,7194.576268709632
2020,New York,0.25585371041177773,1.413556207545152,13764.8,7068.53
2002,North Carolina,0,0,6640.438309665025,1305.8962627491305
2003,North Carolina,-0.012229441954988651,-0.082153401359921,6559.229454801294,1198.6124429410804
2004,North Carolina,-0.03768229315145044,-0.04042811144874148,6390.211366626106,1253.1013430982136
2005,North Carolina,-0.015209814042112635,0.08998046494130563,6539.4384778169,1423.4014156364108
2006,North Carolina,-0.03620764117328201,0.15150116254350032,6400.0037021153585,1503.741064716836
2007,North Carolina,0.005897124141794441,0.20156577595631986,6679.597798733048,1569.1202562686171
2008,North Carolina,-0.00590842292843996,0.23934920454495123,6601.2037917013095,1618.4614944563596
2009,North Carolina,0.03805577810452343,0.3108475710917704,6893.145356494415,1711.830944122518
2010,North Carolina,-0.008068674801702036,0.33484388673170185,6586.858772403574,1743.167643036453
2011,North Carolina,-0.05489152138680453,0.3980697270828979,6275.934548172291,1825.734031660253
2012,North Carolina,-0.11535786680670168,0.4205090432704863,5874.411511600568,1855.0374508082712
2013,North Carolina,-0.11822774250666412,0.4750397888662363,5855.354279058561,1926.2489476866845
2014,North Carolina,-0.12714426458976513,0.5200131941944146,5796.144664228963,1984.9795496278546
2015,North Carolina,-0.1052706040162319,0.5293921106664077,5941.395357874062,1997.2274415972663
2016,North Carolina,-0.09403916391554867,0.5340001939778647,6015.977042991347,2003.2451203721348
2017,North Carolina,-0.09006101192719751,0.5960544545635738,6042.393715856464,2084.281547358673
2018,North Carolina,-0.08319696762863515,0.6440226935833935,6087.973978575876,2146.9230914253126
2019,North Carolina,-0.06369922915491633,0.7497320090618975,6217.447508088588,2284.9684914464597
2020,North Carolina,-0.07040774838379771,0.7915282145572997,6172.9,2339.55
2002,North Dakota,0,0,6090.562931657518,1632.8179685813247
2003,North Dakota,0.03424716388640214,0.04577379806944193,6299.147438538438,1707.5582485593227
2004,North Dakota,0.0997838535241602,0.09811270418028717,6698.302771109711,1793.0181549130018
2005,North Dakota,0.12103368649287072,0.14007201060008345,6827.726216092853,1861.5300643844548
2006,North Dakota,0.13911661218485305,0.16516443995869778,6937.861413008359,1902.501433916558
2007,North Dakota,0.15775088154914463,0.19485815239265714,7051.354603257034,1950.9858611326133
2008,North Dakota,0.19061370370237074,0.24344752738148645,7251.507689693127,2030.3234656965099
2009,North Dakota,0.23156621210179096,0.3276320301914595,7500.931519309029,2167.781434560719
2010,North Dakota,0.29052378830274916,0.4275210371654947,7860.016347458958,2330.882000011669
2011,North Dakota,0.32062508771878706,0.4895041685259873,8043.350205877003,2432.089170646018
2012,North Dakota,0.32015163933170254,0.5259653656707273,8040.466638680573,2491.6236684999353
2013,North Dakota,0.3117889135048979,0.6232710260053864,7989.5329307522215,2650.506099139038
2014,North Dakota,0.3303062887923669,0.6532284388382414,8102.314170269671,2699.4211011047323
2015,North Dakota,0.37130108916082727,0.8447703036238197,8351.995581784515,3012.174099662199
2016,North Dakota,0.4250737564921292,0.9498262300513018,8679.501396168895,3183.7113040389495
2017,North Dakota,0.4487171671831134,0.9816678470910201,8823.503076901357,3235.7028684900865
2018,North Dakota,0.40964397966482213,0.9499915078719234,8585.52536938075,3183.981172634268
2019,North Dakota,0.40633277292856085,0.9381813035189093,8565.358256373822,3164.6972587540495
2020,North Dakota,0.40937875469319374,1.0171078854929685,8583.91,3293.57
2002,Ohio,0,0,7503.300788993768,2240.4100452730754
2003,Ohio,0.024520159880208947,0.0656235306953925,7687.282923969194,2387.4336626493186
2004,Ohio,0.04057865697715113,0.13901593968976234,7807.774657906734,2551.862753007095
2005,Ohio,0.03536173266439091,0.17232575232274883,7768.630505594679,2626.490391836202
2006,Ohio,0.02694062609818726,0.18354690164557663,7705.444410052283,2651.6303674985743
2007,Ohio,0.019252917335597308,0.20369969257009357,7647.761218828387,2696.78088272615
2008,Ohio,0.01677185461767028,0.20499017418475196,7629.145058979422,2699.672090698871
2009,Ohio,0.034922858078897834,0.23049344507234815,7765.33749757108,2756.8098749827623
2010,Ohio,0.07661359224472819,0.31606704437379696,8078.155616131284,2948.529826467901
2011,Ohio,0.06912251272279502,0.3481796041428873,8021.947793243948,3020.475127954003
2012,Ohio,0.0313528055211012,0.3070561934383902,7738.5503193974155,2928.3418255157576
2013,Ohio,-6.249531102099359e-4,0.27768015906162424,7498.611577828846,2862.527463007764
2014,Ohio,-0.014006233826336145,0.2716993533587364,7398.2078036737885,2849.1280058321872
2015,Ohio,-0.0013572681937388253,0.2918688993005738,7493.116797484811,2894.3160591688766
2016,Ohio,0.0054473666052583525,0.3142189060456311,7544.174019140942,2944.389238792424
2017,Ohio,0.030474374093813594,0.331521112440317,7731.959184175971,2983.1532758044664
2018,Ohio,0.03815022537228718,0.35763277125529247,7789.55340512994,3041.6540985122806
2019,Ohio,0.05640558886990532,0.38532919292041345,7926.528888464987,3103.7054398289365
2020,Ohio,0.07298510700910765,0.4165621184818298,8050.93,3173.68
2002,Oklahoma,0,0,5507.461102893833,1248.7860442612184
2003,Oklahoma,-0.05370702763767754,0.057699402395707367,5211.671737227281,1320.84025273519
2004,Oklahoma,-0.08728279686533857,0.03998594829499069,5026.754494206198,1298.7199384585535
2005,Oklahoma,-0.06442887205167958,0.11493824806778652,5152.6215961658845,1392.3193244001043
2006,Oklahoma,-0.05388709050039331,0.13339134985634438,5210.680048014798,1415.363300386987
2007,Oklahoma,-0.0037657202406029544,0.2128524681557995,5486.721545144333,1514.5932359807362
2008,Oklahoma,-0.011538817125916312,0.2465777815939334,5443.911516399444,1556.7089367406131
2009,Oklahoma,-0.012688069050704853,0.30004005987560056,5437.582056126245,1623.4718837531689
2010,Oklahoma,-0.014701757608193144,0.3141995794495511,5426.491744722536,1641.1540941905619
2011,Oklahoma,-0.078351242612547,0.30700502436710364,5075.944681841833,1632.1696342089326
2012,Oklahoma,-0.10053837821438816,0.2898691524279853,4953.749895530062,1610.7705964751144
2013,Oklahoma,-0.10780326464587253,0.29508506360487696,4913.738816091721,1617.2841535609227
2014,Oklahoma,-0.11003249260604131,0.31943787797417955,4901.461429811608,1647.695608283792
2015,Oklahoma,-0.11575915459049002,0.3259764612686078,4869.922061682835,1655.8608998511133
2016,Oklahoma,-0.1195269113927091,0.34152368369227837,4849.17128764945,1675.2760542408182
2017,Oklahoma,-0.15651667290786397,0.31487409000925193,4645.451614899415,1641.9964135642228
2018,Oklahoma,-0.1575977456948937,0.3332696995075821,4639.497648575452,1664.968593981417
2019,Oklahoma,-0.04965650660737142,0.44772070266099706,5233.979824248145,1807.893409471098
2020,Oklahoma,-0.01674657363360621,0.4927697250995713,5415.23,1864.15
2002,Oregon,0,0,6483.7209389319505,2629.741451308748
2003,Oregon,-0.056795664736428386,-0.02289287393557493,6115.473698239811,2569.539111780781
2004,Oregon,-0.07557241680654714,-0.03371482597374742,5993.730477677648,2541.0801759219235
2005,Oregon,-0.06546101962666129,-0.006972474404722151,6059.289955294731,2611.405646348461
2006,Oregon,-0.07183075584858889,0.07725388253423993,6017.990363177146,2832.8991884835755
2007,Oregon,-0.05037493657823755,0.10517249130096729,6157.103907842263,2906.31791122031
2008,Oregon,-0.03042193926727721,0.14957308571566363,6286.473574301789,3023.079994815385
2009,Oregon,-0.010344318470977831,0.204993193897977,6416.651264662691,3168.8205505384294
2010,Oregon,-0.02655483265740033,0.1508227703393792,6311.54681440133,3026.366342271433
2011,Oregon,-0.04861854258106779,0.1551500714482379,6168.491876378726,3037.7460253696927
2012,Oregon,-0.12826973839929,0.19985146864914283,5652.05575024115,3155.2991425203295
2013,Oregon,-0.13957667478603886,0.18701681510494228,5578.744730035215,3121.5473220819586
2014,Oregon,-0.13086025610311103,0.25107949490526194,5635.259556362212,3290.0156066347786
2015,Oregon,-0.09091218389777256,0.28530551761539646,5894.27170858993,3380.021197269054
2016,Oregon,-0.0429663864664207,0.277335278635237,6205.138879329376,3359.061529446092
2017,Oregon,-0.02151241978710372,0.2988188569221817,6344.240412311212,3415.557785789707
2018,Oregon,-0.007795112784081293,0.41136913158993305,6433.179602952467,3711.5359084396778
2019,Oregon,0.009419755452362732,0.4365652053990232,6544.7960045980535,3777.795068145677
2020,Oregon,0.02300053664749724,0.5680971214671144,6632.85,4123.69
2002,Pennsylvania,0,0,8014.144834365922,2067.6787093559064
2003,Pennsylvania,0.013965373566435346,0.06724164685727518,8126.065360793361,2206.712830944723
2004,Pennsylvania,0.03165828653196279,0.2659850320066546,8267.858927840927,2617.6502970434153
2005,Pennsylvania,0.03549534703821555,0.35785830251173456,8298.609686476264,2807.614702425665
2006,Pennsylvania,0.02446637243763483,0.42164793678516377,8210.221886652665,2939.511171090435
2007,Pennsylvania,-0.00830382127795215,0.45655677902068525,7947.596807965724,3011.691440949087
2008,Pennsylvania,0.03457399246912063,0.5471885194233472,8291.225817515731,3199.0887609715423
2009,Pennsylvania,0.081527499450466,0.4671395334989843,8667.518022945645,3033.5731770702064
2010,Pennsylvania,0.11322850095456882,0.5431102572598054,8921.574440393977,3190.656225124815
2011,Pennsylvania,0.12625564000105127,0.6177687567060879,9025.975819489911,3345.0260149023534
2012,Pennsylvania,0.06715797996788231,0.7028887027240693,8552.358612611977,3521.0267150252575
2013,Pennsylvania,0.05413049936593861,0.8611722171004175,8447.954496241107,3848.306167743262
2014,Pennsylvania,0.040302271362431696,0.996726493769603,8337.133074218367,4128.588859574277
2015,Pennsylvania,0.04683372517673656,1.1970511491878169,8389.477091065179,4542.795884541576
2016,Pennsylvania,0.06310459042963679,1.4222588060375805,8519.874161782373,5008.452961793763
2017,Pennsylvania,0.06150276162709556,1.5718441987354002,8507.036873758949,5317.747493505688
2018,Pennsylvania,0.06508515142218485,1.6671095774332336,8535.74666442995,5514.725688777926
2019,Pennsylvania,0.07071185193927465,1.6947429946373087,8580.839857313507,5571.86271719754
2020,Pennsylvania,0.0799106054195422,1.7356377827975056,8654.56,5656.42
2002,Rhode Island,0,0,8671.930367306466,2731.355764203675
2003,Rhode Island,0.042327845239762185,0.12046406759363903,9038.994493823808,3060.385989604982
2004,Rhode Island,0.04079893131846446,0.18562633266386408,9025.735858760709,3238.367317913109
2005,Rhode Island,0.05513443047573929,0.2596221214434795,9150.052309233177,3440.476142123109
2006,Rhode Island,0.08373314298841605,0.3546649992576163,9398.058352737726,3700.0720542872573
2007,Rhode Island,0.11068941419772327,0.48120606098167196,9631.821259627066,4045.70071263571
2008,Rhode Island,0.12825963631805815,0.6134580531304707,9784.189002392717,4406.92795371875
2009,Rhode Island,0.13463481976809355,0.5730902278128072,9839.47414935023,4296.669061348983
2010,Rhode Island,0.13019313360401252,0.5320889713392472,9800.95615622189,4184.680043140332
2011,Rhode Island,0.12707946569160145,0.4901522841035637,9773.954644898544,4070.136030727541
2012,Rhode Island,0.0909523408658186,0.5316293329795758,9460.662734038367,4183.424607257194
2013,Rhode Island,0.09098437309842633,0.5070858850108271,9460.94051532905,4116.3877191743195
2014,Rhode Island,0.09924633872446886,0.5359238485492499,9532.587705935171,4195.154457112886
2015,Rhode Island,0.11063456251860071,0.6110731663658784,9631.345589685185,4400.413979507308
2016,Rhode Island,0.13265456448602841,0.6637053431201312,9822.30151343467,4544.171178867623
2017,Rhode Island,0.14614412719488734,0.6887147856116704,9939.282061931308,4612.480863776409
2018,Rhode Island,0.1356063539245418,0.6685223181037225,9847.899225904408,4557.32805125508
2019,Rhode Island,0.14633474319091566,0.7224630639569523,9940.93507057576,4704.659418366745
2020,Rhode Island,0.14617156492312255,0.7944128934917185,9939.52,4901.18
2002,South Carolina,0,0,6536.990116176427,1824.5234706408748
2003,South Carolina,-0.029947614862672833,-0.017458606090624995,6341.222853816077,1792.669834063856
2004,South Carolina,-0.04457339966061524,-0.028049300446623904,6245.614243150604,1773.346863640952
2005,South Carolina,-0.024360283372036773,-0.02364517793182741,6377.747184546166,1781.382288536776
2006,South Carolina,0.004186523043472112,0.0072354378339183345,6564.35737593275,1837.724696789222
2007,South Carolina,0.02480224590355684,0.0521314345235242,6699.122152506956,1919.6384964872227
2008,South Carolina,0.04550318210814108,0.11199056081128855,6834.443967871922,2028.8528773313049
2009,South Carolina,0.06953634069634207,0.13767721061114924,6991.548488023493,2075.7187727732835
2010,South Carolina,0.027713501102696103,0.11631012987267031,6718.152998969396,2036.7340324668503
2011,South Carolina,-0.025236638056454708,0.10422153911951448,6372.018462635861,2014.678114910745
2012,South Carolina,-0.05129834438088432,0.1076362136141924,6201.653345982372,2020.908268670884
2013,South Carolina,-0.03370751039138309,0.1752456427774951,6316.644453907042,2144.263259015961
2014,South Carolina,-0.039577181795379834,0.20459633679269884,6278.274469953912,2197.814289126299
2015,South Carolina,-0.035413543788628044,0.23586158339368923,6305.492130451385,2254.858465365181
2016,South Carolina,-0.023944140372450073,0.28384892592246413,6380.46750722138,2342.412498102614
2017,South Carolina,-0.01833629833463246,0.30999379108352976,6417.125915195673,2390.114418225719
2018,South Carolina,-0.021869637570269718,0.3886833014699298,6394.0285115352135,2533.6852768189447
2019,South Carolina,-0.026655255546386147,0.44126790734897825,6362.744974125544,2629.6271244396685
2020,South Carolina,0.0036591586339376203,0.5191089863187353,6560.91,2771.65
2002,South Dakota,0,0,5802.744758484051,1388.6663695437478
2003,South Dakota,-0.002585246906142702,0.05383670426522613,5787.743230550044,1463.4275902039396
2004,South Dakota,0.022199841715285773,0.1000389168361564,5931.564773636602,1527.587048999702
2005,South Dakota,0.01604803434213431,0.11411877500773304,5895.8674056468435,1547.1392745305163
2006,South Dakota,0.023655223539060355,0.13756916476179715,5940.009982886102,1579.7040421346783
2007,South Dakota,0.037021696254673664,0.17039333262369838,6017.572212376048,1625.2858601527594
2008,South Dakota,0.049771103938383465,0.18473342540393367,6091.55377098647,1645.199464732809
2009,South Dakota,0.05270960035154748,0.20716762223913543,6108.6051156457825,1676.3530794055787
2010,South Dakota,0.08273721769509534,0.2550766884506819,6282.847714795819,1742.8827884497978
2011,South Dakota,0.06765897901489537,0.24985534594521464,6195.352544327117,1735.6320857085861
2012,South Dakota,-0.008060884297103277,0.17906540054402442,5755.9695043802885,1637.3284692281152
2013,South Dakota,-0.026278069489910516,0.17823457122843545,5650.259828488393,1636.1747244987257
2014,South Dakota,-0.006301425094231483,0.23166701571732373,5766.17919704752,1710.3745632029581
2015,South Dakota,0.006634897267227213,0.2260009201288593,5841.245373824534,1702.5062468126375
2016,South Dakota,0.015347456234386048,0.25144821946483376,5891.802129704198,1737.844055596218
2017,South Dakota,0.08805909589279537,0.3254024613486246,6313.729215612813,1840.541824185342
2018,South Dakota,0.0810844883377515,0.3239204649833365,6273.257348180299,1838.4838256730804
2019,South Dakota,0.07351840645390739,0.3021186107646592,6229.353306186562,1808.2083239259077
2020,South Dakota,0.07591497814407266,0.3072830449522954,6243.26,1815.38
2002,Tennessee,0,0,5754.038622716736,1272.9586120864435
2003,Tennessee,0.002353630821098962,0.0656508864233365,5767.581505364956,1356.5294733501387
2004,Tennessee,0.01755005206834137,0.14165851114942773,5855.022300148663,1453.284033829451
2005,Tennessee,0.0057049902307400036,0.2508967797590298,5786.865356846636,1592.3398286254562
2006,Tennessee,-0.020205641361268456,0.2213126746650187,5637.774581927235,1554.6804872651644
2007,Tennessee,-0.02122658170237024,0.25490532711604597,5631.900051773046,1597.4425435055261
2008,Tennessee,0.018267790497788594,0.3268597787283247,5859.152194792709,1689.0375823633337
2009,Tennessee,0.030562661586644335,0.3560455731482739,5929.897357899309,1726.1898907207926
2010,Tennessee,0.03316025484729668,0.39432424876580807,5944.844009847212,1774.9170605073962
2011,Tennessee,0.0182353861869049,0.49823322826424077,5858.965739136343,1907.1888908330397
2012,Tennessee,-0.015511240813146365,0.4547332597232605,5664.786343991632,1851.8152312533095
2013,Tennessee,-0.0042873650384432915,0.43173970185705857,5729.368958695848,1822.5453837450198
2014,Tennessee,-0.016013427279796155,0.46458983917831387,5661.8967436667235,1864.362248956334
2015,Tennessee,-0.01755946231594585,0.47428683775632985,5653.000798356645,1876.7061268076093
2016,Tennessee,-0.0028332043491351433,0.4609081715883667,5737.736255465764,1859.675638490871
2017,Tennessee,0.012066923920168948,0.5004522668826432,5823.472169010773,1910.0136351528874
2018,Tennessee,0.030009457420140384,0.535420695141398,5926.714199758998,1954.5269970559964
2019,Tennessee,0.031216364837215016,0.5661803615204564,5933.658791650888,1993.6827792781246
2020,Tennessee,0.03566214805599954,0.5651647909702047,5959.24,1992.39
2002,Texas,0,0,6746.500143999719,1044.2144980366295
2003,Texas,0.03108977400945201,0.08099261813687075,6956.247308831405,1128.7881641290944
2004,Texas,0.004553886671255114,0.10427489247634325,6777.2229410831,1153.0998525416378
2005,Texas,-0.01041511445992882,0.07083065047398285,6676.2345727960355,1118.1768901669275
2006,Texas,-0.023620611851211004,0.06283739953942491,6587.143682744162,1109.8302216546172
2007,Texas,-0.003906277764961441,0.09144042319691148,6720.146440495903,1139.6979136454495
2008,Texas,0.02636455577922714,0.13478018466812292,6924.368623360763,1184.9539209151376
2009,Texas,0.04230407011747084,0.1537257874101765,7031.90455913901,1204.7371939724326
2010,Texas,0.05391057733239468,0.1762159655127138,7110.2078617358275,1228.221764010528
2011,Texas,0.02607366341966988,0.16051423041089907,6922.406118015121,1211.8257845728824
2012,Texas,-0.06215310143424313,0.04904718750591197,6327.184236223568,1095.4302823182238
2013,Texas,-0.06584630302106176,0.014665714762151616,6302.268051186276,1059.528650015338
2014,Texas,-0.05129381293118129,0.013966086039035819,6400.44642767321,1058.7980875594176
2015,Texas,-0.025714789061794585,0.10221374771120528,6573.015315891399,1150.9475752953283
2016,Texas,0.0040403339963970275,0.13497068531434397,6773.758257888218,1185.1528444518071
2017,Texas,0.0013583865408868245,0.1417347699471474,6755.664498993418,1192.2159996913272
2018,Texas,0.006279928601544027,0.16301845039493568,6788.867683214343,1214.4407273864865
2019,Texas,0.0027650945409729566,0.16382731612014312,6765.154854718565,1215.285356703713
2020,Texas,0.03883937603311671,0.24043479805675272,7008.53,1295.28
2002,United States,0,0,7253.618668165832,1907.1058573747227
2003,United States,0.00932567325779532,0.06508705710201856,7321.263545801791,2031.2337652132655
2004,United States,0.0019611389514821997,0.13332333827440057,7267.84402227517,2161.3675767225836
2005,United States,0.00567037409676896,0.20166392084240647,7294.7493995696395,2291.7003020344287
2006,United States,0.0047412837113776085,0.23551709856000613,7288.010132205752,2356.2618955504104
2007,United States,0.029158343138950826,0.30393374077676905,7465.122170291311,2486.7396746639097
2008,United States,0.04437345835816919,0.35921198758738315,7575.486814083727,2592.161142941837
2009,United States,0.06302339036363169,0.4225502742624718,7710.766309038573,2712.953960455978
2010,United States,0.058376097702939944,0.4036873267658023,7677.05662023855,2676.980322797728
2011,United States,0.024757627300727947,0.4120218109452376,7433.201055733884,2692.875066394526
2012,United States,-0.01221938175136461,0.4010047972126467,7164.983932580689,2671.864454974324
2013,United States,-0.02602544157932063,0.418396311768922,7064.840039278813,2705.0319142532144
2014,United States,-0.021700681738071936,0.4489804530676613,7096.210197998628,2763.3591092668166
2015,United States,-0.00497108583852357,0.525229353510853,7217.560307126462,2908.7738339204093
2016,United States,0.022161943210492252,0.58899965219778,7414.372953160289,3030.3905440727835
2017,United States,0.03089126766778727,0.6520788323008013,7477.692144004201,3150.6892179256506
2018,United States,0.031800431373530946,0.6788324204177443,7484.286870832602,3201.7111425292633
2019,United States,0.050139760291565194,0.7571631524545446,7617.3133694340895,3351.096140409095
2020,United States,0.06784907703986254,0.7859470080431747,7745.77,3405.99
2002,Utah,0,0,4472.127207732062,1523.853693307043
2003,Utah,-0.028000030301626677,0.012778112500119176,4346.907510402835,1543.3256672338425
2004,Utah,-0.03754413440196369,0.05998213744969427,4304.2250627822905,1615.2576949922102
2005,Utah,-0.03346276788544045,0.13174459703802288,4322.477453025561,1724.613184076682
2006,Utah,-0.050818289068269684,0.1377410206872327,4244.86135453946,1733.7508564011641
2007,Utah,-0.03513012197985921,0.183157377813282,4315.0208334149875,1802.9587399442462
2008,Utah,-0.05551480615707405,0.1545136107397287,4223.8579326850395,1759.3098296989851
2009,Utah,0.032893242375610976,0.2536001565772672,4619.229971910557,1910.3032285305558
2010,Utah,-0.019701653049205015,0.20796763749306368,4384.018909093415,1840.7659457891884
2011,Utah,-0.07581719194681302,0.2232680105100009,4133.063080812875,1864.0814757200235
2012,Utah,-0.10509677660512518,0.18878330758129835,4002.121053631343,1811.5318337995238
2013,Utah,-0.12101836838475721,0.20928288567855358,3930.9176698432475,1842.7701915942625
2014,Utah,-0.08820874695002145,0.24776497082138516,4077.6464705369185,1901.4112591653225
2015,Utah,-0.058196506004560944,0.3121548334553652,4211.865029834123,1999.531989151646
2016,Utah,-0.036035468376358515,0.3911254810282785,4310.9720091627805,2119.871702118479
2017,Utah,-0.030589935406699742,0.3756872428632154,4335.325125316994,2096.346085872494
2018,Utah,0.012427713321258471,0.39927690140226724,4527.7055226059565,2132.29327416108
2019,Utah,0.045796903926728305,0.4269039693477128,4676.936787812675,2174.392883684992
2020,Utah,0.09267240689204659,0.4800764731588658,4886.57,2255.42
2002,Vermont,0,0,8754.541634049663,2447.2197922222226
2003,Vermont,0.03826002817831964,0.08322614029557562,9089.490643656676,2650.892449983819
2004,Vermont,0.07263433788490437,0.21740340027286065,9390.421969124689,2979.2536962663776
2005,Vermont,0.10737102349776628,0.26875996550595693,9694.525729551382,3104.9344991653625
2006,Vermont,0.12292137718635932,0.3418023524174927,9830.661948342367,3283.685274086426
2007,Vermont,0.15196089590451178,0.48841167031700494,10084.889623993198,3642.4704985743124
2008,Vermont,0.17673914070286756,0.5037155851704229,10301.811799699079,3679.9225419020804
2009,Vermont,0.23337173750464846,0.556579391400299,10797.604226244617,3809.2918948000333
2010,Vermont,0.24301095778622495,0.5585958667536384,10881.991181519455,3814.226653195254
2011,Vermont,0.25997389234926493,0.6585971792820844,11030.493898387249,4058.951844463067
2012,Vermont,0.22015858922379294,0.6071235902547825,10681.929169502995,3932.9846586187414
2013,Vermont,0.21396388100153407,0.6982914240639593,10627.69733846044,4156.092385930585
2014,Vermont,0.22053489785746172,0.8062428192985094,10685.223579103702,4420.27317694658
2015,Vermont,0.27519900138105524,0.9655727855672773,11163.782749289003,4810.188623893608
2016,Vermont,0.25111667592453935,0.9633131540615227,10952.9530284352,4804.658808949596
2017,Vermont,0.24976334377608778,1.056277722386921,10941.105225796882,5032.163540530906
2018,Vermont,0.2771675738752919,1.0617330634569657,11181.016699149443,5045.513959170842
2019,Vermont,0.3069474580966418,1.1452832013471705,11441.725935422428,5249.979510258647
2020,Vermont,0.3473223948269464,1.2956458663235,11795.19,5617.95
2002,Virginia,0,0,7491.748785254114,1872.0599660295488
2003,Virginia,0.015978264207933357,0.03990905072518203,7611.453926724369,1946.7721021744046
2004,Virginia,0.03406613195011876,0.08808856901994244,7746.963687909723,2036.967049556614
2005,Virginia,0.06069763142081808,0.24461250894356001,7946.480191718831,2329.9892512128326
2006,Virginia,0.07584549346777036,0.3022287573715874,8059.964168808282,2437.8503232877556
2007,Virginia,0.10573611339845312,0.5142946854727977,8283.897184364467,2834.850457444932
2008,Virginia,0.10402948747747942,0.5754408038414243,8271.11157169413,2949.319657720942
2009,Virginia,0.1252246266306123,0.5696623727674512,8429.900229697903,2938.502088240896
2010,Virginia,0.09209326473188972,0.453150588017208,8181.688389439334,2720.3850404393133
2011,Virginia,0.044303348018244204,0.3330448699358224,7823.658338952486,2495.53993392792
2012,Virginia,0.023203179757905756,0.408099627467688,7665.581179019438,2636.0469407633805
2013,Virginia,0.017668773362776502,0.5476391079793612,7624.118796631625,2897.273215909844
2014,Virginia,0.013205186543998826,0.5125816691624818,7590.678725504172,2831.643588189234
2015,Virginia,0.013138557500977921,0.5972630402241477,7590.1795574520565,2990.172192822272
2016,Virginia,0.026384830679369475,0.6151816537736643,7689.417308445417,3023.7169118950765
2017,Virginia,0.03857134469690782,0.6623988094002662,7780.715610032791,3112.110258653425
2018,Virginia,0.032630456672585684,0.7453418529614051,7736.207969393245,3267.3846099648777
2019,Virginia,0.053393067993511734,0.7410415215504753,7891.756237535496,3259.334131689817
2020,Virginia,0.07200604694696633,0.7641635737793833,8031.2,3302.62
2002,Washington,0,0,6600.959336884759,1597.1222770257955
2003,Washington,0.02511224823499658,-0.029835288476040778,6766.724266341727,1549.4716731592198
2004,Washington,0.010826494388658015,-0.0025455983139804905,6672.424586105301,1593.056645250178
2005,Washington,0.005468981978796306,0.09922787780395925,6637.059864540949,1755.6013311684924
2006,Washington,-0.012593858481768416,0.1719590485740934,6517.827789152125,1871.761904239641
2007,Washington,0.011735603932543137,0.30562093185899997,6678.425581237261,2085.236275623187
2008,Washington,0.046832728012616176,0.3676915454621381,6910.100270131422,2184.3706353574194
2009,Washington,0.08507340550535303,0.5275689960654204,7162.525427275902,2439.7144733100126
2010,Washington,0.07249966067900893,0.42919498425902125,7079.52664896484,2282.599147573614
2011,Washington,0.056602665246363815,0.4241299627164745,6974.591228535306,2274.509688834397
2012,Washington,0.012655854798778954,0.44030104667641057,6684.500119785016,2300.3368872704655
2013,Washington,0.0068470592345064585,0.42272899496410266,6646.156496468977,2272.272172027689
2014,Washington,0.02298384809973597,0.5199133667668632,6752.674783596252,2427.4874972126354
2015,Washington,0.05967926000687673,0.5768788053320779,6994.899705445526,2518.4682681656845
2016,Washington,0.12174441636496791,0.753044404607965,7404.58927880268,2799.826271214803
2017,Washington,0.16528386742133683,0.7858323343489371,7691.991424776055,2852.192604221666
2018,Washington,0.22316970744232223,0.9646198280461022,8074.0935009359955,3137.7380932590177
2019,Washington,0.3321453960133811,1.0932158682029636,8793.437589902573,3343.1216937308445
2020,Washington,0.3510187754328373,1.1805406198987933,8918.02,3482.59
2002,West Virginia,0,0,6826.62772993889,2900.2749388867583
2003,West Virginia,0.029699874235223467,0.08246650285988455,7029.377714968765,3139.4504704289143
2004,West Virginia,-0.006099029487891761,0.15749667858703842,6784.991926111134,3357.0586087506485
2005,West Virginia,-0.004976032423510857,0.24745534423369708,6792.658209011476,3617.9634722613455
2006,West Virginia,-0.005845260221165494,0.227123697209191,6786.724314424373,3558.9961059298794
2007,West Virginia,-0.003965795198061395,0.2070305356471691,6799.554722468546,3500.7204130085443
2008,West Virginia,-0.00929486841625804,0.16271068388343002,6763.17512346233,3372.180657642996
2009,West Virginia,0.027136182465871572,0.21439831240835594,7011.876345645091,3522.088991304327
2010,West Virginia,0.027669550338582427,0.5701038673879175,7015.517449555196,4553.7328980343555
2011,West Virginia,0.05920063817787069,0.6174622784526804,7230.768448154021,4691.085310790984
2012,West Virginia,0.028343715627300536,0.30774627954772615,7020.119725009723,3792.823760994667
2013,West Virginia,0.002716029238119866,0.194891405427019,6845.1690504511635,3465.5135978511603
2014,West Virginia,-0.017204761041544225,0.19354859881961461,6709.177231125712,3461.6190894999336
2015,West Virginia,-9.033824449801164e-4,0.17511038489511832,6820.460674289249,3408.1431997368845
2016,West Virginia,-0.0048134123574676835,0.12979668204814954,6793.768355663771,3276.7210029816592
2017,West Virginia,-0.02286073005666034,0.18728047380988877,6670.566036207445,3443.4398036204166
2018,West Virginia,-0.05931110650967619,0.17564404035044556,6421.732885546576,3409.6909472799703
2019,West Virginia,-0.022729378388566812,0.18819375215703538,6671.462725147227,3446.088561922874
2020,West Virginia,0.014385180201116565,0.16887194194810973,6924.83,3390.05
2002,Wisconsin,0,0,7306.180285181256,2989.514167775582
2003,Wisconsin,0.004938090849574195,0.09181466014903972,7342.25886719285,3263.9953951006364
2004,Wisconsin,-0.021976798350283655,0.12226017191422,7145.61383434301,3355.012683867821
2005,Wisconsin,-0.006790479856359277,0.17531866126469153,7256.567815127803,3513.6317895018256
2006,Wisconsin,-0.03784660363957715,0.1887411861124022,7029.666175808708,3553.758617701376
2007,Wisconsin,-0.043873197226412586,0.21894677854134814,6985.634796557772,3644.0586642137646
2008,Wisconsin,-0.04610221627366207,0.21764942090291384,6969.349181539464,3640.1801951729935
2009,Wisconsin,-0.02275279734121094,0.2589504146999002,7139.944245814177,3763.650101272296
2010,Wisconsin,0.001948814840207369,0.30304435318868306,7320.418677746248,3895.4695550975375
2011,Wisconsin,9.08349302821021e-4,0.33787936627591364,7312.816848949585,3999.6093202564607
2012,Wisconsin,-0.057535526912968704,0.10016507241177508,6885.815352752209,3288.9590708668507
2013,Wisconsin,-0.06424472884982091,0.06610506124198157,6836.796713831879,3187.136184920158
2014,Wisconsin,-0.07030250569194352,0.03182603441734844,6792.537504095935,3084.658548570358
2015,Wisconsin,-0.0547742381906009,0.024110023961327,6905.989825977265,3061.591425993378
2016,Wisconsin,-0.04285846298815166,0.01819212720327079,6993.048627844052,3043.899789791735
2017,Wisconsin,-0.04245725459146954,0.005056943130228753,6995.97992872214,3004.6319709090362
2018,Wisconsin,-0.043851301608436755,0.006460436157327276,6985.794769890159,3008.827733197921
2019,Wisconsin,-0.03955032512686185,0.03753804490633761,7017.218479466869,3101.7346848536745
2020,Wisconsin,-0.029041205787326496,0.039111984644454756,7094,3106.44
2002,Wyoming,0,0,7871.809708288715,2503.449170424986
2003,Wyoming,0.026180859794112887,0.0498717573246783,8077.9004545873595,2628.3005799270877
2004,Wyoming,0.011777877194094177,0.0711452957293306,7964.522916328217,2681.557801998219
2005,Wyoming,0.05990801498056153,0.15300960639383065,8343.394202217005,2886.500942618675
2006,Wyoming,0.10531619403475734,0.2548520691524374,8700.838746931537,3141.4583715257463
2007,Wyoming,0.3012944556818742,0.4800845671280405,10243.542329578857,3705.3164817355173
2008,Wyoming,0.3255133757649664,0.4862723689922961,10434.18905981321,3720.807329179342
2009,Wyoming,0.37061420314937665,0.5485961236913248,10789.214190669665,3876.8316811783957
2010,Wyoming,0.405707414593129,0.6484674866990618,11065.461273207622,4126.854562049328
2011,Wyoming,0.40054826558200585,0.7684090709532634,11024.849433935355,4427.122221649967
2012,Wyoming,0.3606993777966012,0.7666222357879484,10711.1665722017,4422.648970637673
2013,Wyoming,0.32289036211944344,0.7345032300460752,10413.54119553341,4342.240672358305
2014,Wyoming,0.30676941497095744,0.7118381268278475,10286.640167263147,4285.499738509036
2015,Wyoming,0.3112479786040334,0.754805157799598,10321.894567949184,4393.06551655089
2016,Wyoming,0.32001815031298664,0.8613967950874084,10390.93169075108,4659.9122624933
2017,Wyoming,0.29767882906138077,0.8451140447603769,10215.08080484611,4619.149224694856
2018,Wyoming,0.24039371182655977,0.7602083773041877,9764.143262856589,4406.592201937279
2019,Wyoming,0.21505908257851858,0.7180337623096003,9564.713882385962,4301.010197016086
2020,Wyoming,0.20939661307814084,0.7910888916665371,9520.14,4483.9
